pmid,citation,title,journal,year,doi,drug,receptor,evidence_grade,finding,ec50,system,species,note
20022913,Meyerhof et al.,The molecular receptive ranges of human TAS2R bitter taste receptors.,Chemical senses,2010.0,10.1093/chemse/bjp092,104 natural/synthetic bitter compounds,25 hTAS2Rs,B,receptive-range map: 3 receptors detect ~50%; 19 compounds hit up to 15 receptors,,heterologous HEK,human,foundational matrix; includes some drugs
22964302,Clark et al.,Extraoral bitter taste receptors as mediators of off-target drug effects.,FASEB journal : official publication of the Federation of American Societies for Experimental Biology,2012.0,10.1096/fj.12-215087,"chloroquine, haloperidol, erythromycin, procainamide, ofloxacin",T2Rs (multiple),B/C,pharmaceuticals activate extraoral+oral T2Rs; off-target hypothesis,,review+assay data,human/mouse,hypothesis-framing paper with assay citations
31632299,Grassin-Delyle et al.,Bitter Taste Receptors (TAS2Rs) in Human Lung Macrophages: Receptor Expression and Inhibitory Effects of TAS2R Agonists.,Frontiers in physiology,2019.0,10.4049/jimmunol.175.12.8069,"erythromycin(T2R10), ofloxacin(T2R9), dapsone, colchicine, carisoprodol(T2R14), diphenidol",multiple TAS2Rs,B,agonists suppress LPS cytokine release in human lung macrophages (extraoral functional),,primary human cells,human,extraoral competing pathway (1G)
27223611,Upadhyaya et al.,The Pharmacochaperone Activity of Quinine on Bitter Taste Receptors.,PloS one,2016.0,10.1046/j.1440-1711.2003.01184.x,quinine,T2R4/7/10/39/46,B,quinine increases T2R surface expression ~2x (pharmacochaperone),,heterologous cells,human,drug modifies receptor beyond agonism
35967977,Nolden et al.,Variation in TAS2R receptor genes explains differential bitterness of two common antibiotics.,Frontiers in genetics,2022.0,10.1093/chemse/bjq061,chloramphenicol + ofloxacin,human panel,A,dominant sensation bitterness (~moderate gLMS); genotype-linked variation,,human sensory panel n=143,human,
37685855,Mennella et al.,Genetic Variation and Sensory Perception of a Pediatric Formulation of Ibuprofen: Can a Medicine Taste Too Good for Some?,International journal of molecular sciences,2023.0,10.1093/chemse/bjp092,ibuprofen pediatric formulation,human panel,A,wide individual variation in taste/chemesthesis; TRPA1 rs11988795 -> tingling; ancestry differences,,GWAS sensory panel,human,
42162282,Lowenthal et al.,Personal variation in the palatability and side effects of liquid clindamycin among children.,Pediatric research,2026.0,10.1128/AAC.42.3.521,clindamycin liquid,human pediatric cohort,A,54% disliked taste; variation not explained by TAS2R38/TRPA1,,prospective cohort n=67,human,negative for candidate genes
18827377,Ishizaka et al.,Suppression of bitterness and improvement of palatability of commercial prednisolone powder.,Chemical & pharmaceutical bulletin,2008.0,10.1248/cpb.56.1395,prednisolone powder,human+sensor,A,commercial prednisolone powder intensely bitter; masking methods quantified,,human + taste sensor,human,
23927469,Uchida et al.,"Evaluation of palatability of 10 commercial amlodipine orally disintegrating tablets by gustatory sensation testing, OD-mate as a new disintegration apparatus and the artificial taste sensor.",The Journal of pharmacy and pharmacology,2013.0,10.1111/jphp.12101,amlodipine ODT (10 products),human gustatory sensation test,A,large inter-product palatability differences for same API,,human panel,human,formulation dominates API taste
15365669,Legin et al.,Electronic tongue for pharmaceutical analytics: quantification of tastes and masking effects.,Analytical and bioanalytical chemistry,2004.0,10.1007/s00216-004-2738-3,25+ APIs,electronic tongue,D,taste sensor quantifies bitterness/masking of pharmaceuticals,,taste sensor,instrument,instrument grade
22962016,Pulkkinen et al.,The bitter taste receptor (TAS2R) agonists denatonium and chloroquine display distinct patterns of relaxation of the guinea pig trachea.,American journal of physiology. Lung cellular and molecular physiology,2012.0,10.1152/ajplung.00205.2012,"denatonium, chloroquine, thiamine, noscapine",TAS2R4/10; TAS2R3/10,C,"drugs relax guinea-pig trachea (functional, non-oral)",,isolated tissue,guinea pig,
36929150,Lang et al.,"Activation Profile of TAS2R2, the 26th Human Bitter Taste Receptor.",Molecular nutrition & food research,2023.0,10.1002/mnfr.202200775,phenylbutazone + 7 compounds,TAS2R2,B,TAS2R2 responds to phenylbutazone uniquely among TAS2Rs,,heterologous,human,
27569025,Suess et al.,The Odorant ( R)-Citronellal Attenuates Caffeine Bitterness by Inhibiting the Bitter Receptors TAS2R43 and TAS2R46.,Journal of agricultural and food chemistry,2018,10.1021/acs.jafc.6b03554,caffeine bitterness,TAS2R7/43 blockade by (R)-citronellal,B,odorant antagonist attenuates caffeine bitterness via TAS2R43,,heterologous+human,human,masking mechanism
27208775,Pham et al.,A bitter pill for type 2 diabetes? The activation of bitter taste receptor TAS2R38 can stimulate GLP-1 release from enteroendocrine L-cells.,Biochemical and biophysical research communications,2016.0,10.1016/j.bbrc.2016.04.149,PTU (propylthiouracil) + ZINC hits,TAS2R38 on L-cells,B,PTU activates enteroendocrine TAS2R38 -> GLP-1 release (extraoral drug action),,HuTu-80 cells,human cell line,extraoral drug efficacy
29363059,Yue et al.,Berberine activates bitter taste responses of enteroendocrine STC-1 cells.,Molecular and cellular biochemistry,2018.0,10.1007/s11010-018-3290-3,berberine,enteroendocrine T2R,B,berberine activates bitter taste responses in STC-1 cells,,cell line,mouse,
38389834,Ni et al.,BitterDB database analysis plus cell stiffness screening identify flufenamic acid as the most potent TAS2R14-based relaxant of airway smooth muscle cells for therapeutic bronchodilation.,Theranostics,2024.0,10.7150/thno.92492,flufenamic acid (BitterDB-guided),BitterDB + cell stiffness,B,database-driven identification of potent TAS2R agonist drug,,screening,human cells,
40311594,Ding et al.,Nuciferine activates intestinal TAS2R46 to attenuate metabolic disorders and hyperlipidemia via hepatic VLDL regulation.,Phytomedicine : international journal of phytotherapy and phytopharmacology,2025.0,10.1016/j.phymed.2025.156800,nuciferine,intestinal TAS2R46,C,intestinal TAS2R46 mediates metabolic effects,,mouse,mouse,
