pmid,citation,title,journal,year,doi,intervention,population,n,design,outcome,effect,pval,persistence,reversibility,note
7148734,Bertino et al.,Long-term reduction in dietary sodium alters the taste of salt.,The American journal of clinical nutrition,1982.0,10.1093/ajcn/36.6.1134,long-term dietary sodium reduction,adults,~20,longitudinal intervention,preferred salt level declined; salt taste adapted over months,preference shift toward lower salt,significant (classic),months,,classic plasticity evidence; small n
3797487,Bertino et al.,Increasing dietary salt alters salt taste preference.,Physiology & behavior,1986.0,10.1016/0031-9384(86)90155-1,increasing dietary salt,adults,,dietary manipulation,salt taste preference shifted up with higher intake,preference shift,<0.05,,yes (bidirectional),
1562204,Ayya et al.,Short-term effects of diet on salt taste preference.,Appetite,1992.0,10.1016/0195-6663(92)90212-o,short-term diet change,adults,,short-term intervention,salt taste preference responds to diet,,,,,
2185626,Beauchamp et al.,Experimental sodium depletion and salt taste in normal human volunteers.,The American journal of clinical nutrition,1990.0,10.1093/ajcn/51.5.881,experimental sodium depletion,adults,,controlled depletion,altered salt taste in normal volunteers,,,,,physiological modulation of salt taste
26607941,Wise et al.,Reduced dietary intake of simple sugars alters perceived sweet taste intensity but not perceived pleasantness.,The American journal of clinical nutrition,2016.0,10.3945/ajcn.115.112300,reduced simple-sugar diet (3 months),adults,,dietary RCT,perceived sweet intensity increased; pleasantness unchanged,sensitivity shift without hedonic shift,<0.05,,,"plasticity is perceptual, not hedonic"
41485871,Čad et al.,"The Sweet Tooth Trial: A Parallel Randomized Controlled Trial Investigating the Effects of A 6-Month Low, Regular, or High Dietary Sweet Taste Exposure on Sweet Taste Liking, and Various Outcomes Related to Food Intake and Weight Status.",The American journal of clinical nutrition,2026.0,10.3389/fnut.2022.841444,6-month low/regular/high sweet exposure,180 adults,180,parallel RCT (Sweet Tooth),sweet liking/intake outcomes,,,4-mo follow-up,,large modern RCT; see results in text
20541572,Lakkakula et al.,Repeated taste exposure increases liking for vegetables by low-income elementary school children.,Appetite,2010.0,10.1016/j.appet.2010.06.003,repeated taste exposure (vegetables),low-income children,,longitudinal exposure,increased liking,acceptance up,<0.05,,,"pediatric, not adult"
21868139,Hausner et al.,Effects of repeated exposure on acceptance of initially disliked and liked Nordic snack bars in 9-11 year-old children.,"Clinical nutrition (Edinburgh, Scotland)",2012.0,10.1016/j.clnu.2011.08.003,repeated exposure to disliked Nordic bars,adults,,controlled exposure,acceptance increased with exposure,,,,,adult food-exposure effect
20375191,O'Sullivan et al.,Effects of repeated exposure on liking for a reduced-energy-dense food.,The American journal of clinical nutrition,2010.0,10.3945/ajcn.2009.28863,repeated exposure to reduced-energy-dense food,adults,,controlled exposure,increased liking,,,,,
18585415,Williams et al.,Practice does make perfect. A longitudinal look at repeated taste exposure.,Appetite,2008.0,10.1016/j.appet.2008.05.063,repeated taste exposure (longitudinal),adults,,longitudinal,practice effects on taste acceptance,,,,,
38135109,Nolden et al.,Inducible desensitization to capsaicin with repeated low-dose exposure in human volunteers.,Physiology & behavior,2024.0,10.1016/j.physbeh.2023.114447,capsaicin repeated low-dose oral rinsing (17d),51 adults,51,controlled desensitization,reduced oral burn (desensitization),S1 down,,,partial,chemesthesis plasticity; receptor-adjacent
40876703,Cunningham et al.,Minimal sensitization to repeated capsaicin exposure during consumption of a real food.,Physiology & behavior,2025.0,10.1016/j.physbeh.2025.115066,repeated capsaicin in real food,adults,,dietary,minimal sensitization,null-ish,,,,NEGATIVE: limited plasticity in real-world format
36894246,Hartley et al.,Oral Exposure to Sodium Chloride without Subsequent Consumption Does Not Alter Salt Taste Function in Adults: A Cross-Over Intervention Study.,The Journal of nutrition,2023.0,10.1016/j.tjnut.2022.12.010,oral NaCl rinsing without consumption (2wk),42 adults,42,cross-over intervention,no change in salt DT/RT/suprathreshold,NULL,>0.05 all,,,KEY NEGATIVE: taste exposure alone insufficient; consumption context matters
31006818,Bobowski et al.,Repeated Exposure to Low-Sodium Cereal Affects Acceptance but Does not Shift Taste Preferences or Detection Thresholds of Children in a Randomized Clinical Trial.,The Journal of nutrition,2019.0,10.1093/jn/nxz014,8-wk low-sodium cereal,39 children,39,RCT,acceptance increased but taste preferences and thresholds unchanged,"hedonic shift, no S1 shift",ns (preference/threshold),,,"mixed: liking plastic, sensory threshold not"
7878095,Mattes RD,Influences on acceptance of bitter foods and beverages.,Physiology & behavior,1994.0,10.1016/0031-9384(94)90370-0,bitter/sour novel foods x10 exposures,20 adults,20,controlled exposure,NO change in pleasantness for bitter/sour; sweet/salty improved,null for bitter,ns,,,NEGATIVE: bitter specifically resistant to exposure-driven liking in adults
24879887,Ghawi et al.,Enhancing consumer liking of low salt tomato soup over repeated exposure by herb and spice seasonings.,Appetite,2014.0,10.1016/j.appet.2014.05.029,herb/spice seasoning of low-salt soup,adults,,consumer test,increased liking of low-salt soup over repeated exposure,,,,,compensation strategy
26745848,Jaenke et al.,Consumer acceptance of reformulated food products: A systematic review and meta-analysis of salt-reduced foods.,Critical reviews in food science and nutrition,2017.0,10.1080/10408398.2015.1118009,salt-reduced reformulation (products),consumers,50 studies,systematic review + meta-analysis,up to ~40% (bread)/~70% (meat) reduction without acceptability loss,,ns acceptability change,,,"masking-by-matrix, not perceiver plasticity"
