src,src_type,relation,dst,dst_type,citation_pmid,study_design,species,n,effect,p_value,evidence_grade,note
"TAS2R38:PAV vs AVI diplotype (A49P,V262A,I296V)",Variant,variant->sensory_phenotype,S1:PTC/PROP perception,SensoryPhenotype,12595690,positional cloning + psychophysics + functional assay,human,pedigree+families,PAV detects/strong bitterness; AVI null,<1e-10 (linkage+assoc),A,establishes G->S1 architecture; PTC/PROP are drug-adjacent thiourea ligands
"TAS2R38:PAV vs AVI diplotype (A49P,V262A,I296V)",Variant,variant->receptor_function,TAS2R38 receptor,Receptor,12595690,positional cloning + psychophysics + functional assay,human,,"in vitro PAV-responsive, AVI null",,B,
TAS2R38:5 coding haplotypes,Variant,variant->sensory_phenotype,S1:PTC and PROP perception,SensoryPhenotype,15723792,psychophysics + heterologous expression,human,~60,in vitro receptor response correlates with individual perception,<0.05 (correlations),B,genotype->receptor->perception closed loop
TAS2R38:5 coding haplotypes,Variant,variant->receptor_function,TAS2R38 receptor,Receptor,15723792,psychophysics + heterologous expression,human,,five haplotypes = operatively distinct receptors,,B,
TAS2R38:A49P,Variant,variant->sensory_phenotype,S1:PROP perception,SensoryPhenotype,15687429,cross-sectional genotype + psychophysics,human,143 children + mothers,P allele -> higher PROP bitterness; children P-carriers prefer sweeter sucrose,<0.05,A,pediatric genotype->S1
TAS2R38:A49P,Variant,variant->receptor_function,TAS2R38 receptor,Receptor,15687429,cross-sectional genotype + psychophysics,human,,A49P known functional,,B,
TAS2R38:A49P etc.,Variant,variant->sensory_phenotype,S1:PROP perception,SensoryPhenotype,15466815,isolate cohort,human,Sardinian isolate cohort,association of PTC/PROP sensitivity with TAS2R38 haplotype,<0.05,A,
TAS2R38:PAV/AVI + rare haplotypes,Variant,variant->sensory_phenotype,"S1:PTC, PROP, goitrin, methimazole, sinigrin perception",SensoryPhenotype,23632915,sequencing + assay + threshold,human,56,continuous allele-function range; PAV/AVI significant; rare haplotypes no phenotypic assoc,SNP P<0.002; haplotype P<0.001,B,methimazole = drug ligand of TAS2R38
TAS2R38:PAV/AVI + rare haplotypes,Variant,variant->receptor_function,TAS2R38 receptor,Receptor,23632915,sequencing + assay + threshold,human,,"EC50 PROP 2.1uM, PTC 1.1uM (PAV); AVI null",,B,
TAS2R38:diplotypes,Variant,variant->sensory_phenotype,S1:PROP perception,SensoryPhenotype,20675712,GWAS in 1457 twins,human,large twin cohort,"rs713598 P=1.6e-104, 45.9% of trait variance",1.6e-104,A,same GWAS: quinine -> chr12 TAS2R19 cluster rs10772420 P=1.8e-15 (5.8% var); caffeine/SOA no hit
TAS2R38:diplotype,Variant,variant->sensory_phenotype,"S1:goitrin (crucifer toxin, PROP analog) perception",SensoryPhenotype,20551074,psychophysics + functional assay,human,50,"goitrin threshold correlates with PROP/PTC thresholds (rs=0.46); PAV EC50 65uM, AVI no response","8.9e-4 (PROP), 7.5e-4 (PTC)",B,H2 support: drug-like ligand generalization
TAS2R38:diplotype,Variant,variant->receptor_function,TAS2R38 receptor,Receptor,20551074,psychophysics + functional assay,human,,PAV vs AVI dose-response,,B,
TAS2R38:A49P,Variant,variant->sensory_phenotype,S1:PROP perception,SensoryPhenotype,20594349,cross-sectional,human,"adults, age-stratified",genotype-phenotype relationship modified by age,<0.05,B,moderation by age; relevant to adult plasticity interpretation
TAS2R38:haplotype,Variant,variant->sensory_phenotype,S1:PTC perception,SensoryPhenotype,16612383,comparative genetics,human,worldwide panels,independent convergent evolution of taster alleles in humans and chimps,,B,evolutionary: ancient functional variation
TAS2R38:PTC locus haplotypes,Variant,variant->sensory_phenotype,S1:PTC perception,SensoryPhenotype,14997422,population genetics,human,global populations,balancing selection signature; ancient polymorphism maintained,,B,evolutionary depth of the key locus
TAS2R family:151 coding haplotypes across 24 genes,Variant,variant->sensory_phenotype,S1:— perception,SensoryPhenotype,16086309,resequencing,human,55 worldwide,"elevated amino-acid diversity (Ka/Ks 0.94), FST 0.22",pi=0.11% p<0.01; FST p<0.05,B,broad functional variation substrate
TAS2R family:loss-of-function and pseudogene alleles,Variant,variant->sensory_phenotype,S1:— perception,SensoryPhenotype,15367488,evolutionary analysis,human,25 genes,relaxed selective constraint; segregating LoF,,B,
TAS2R19:R299C,Variant,variant->sensory_phenotype,S1:quinine perception,SensoryPhenotype,20675712,GWAS,human,1457 twins + replication,common variant explains 5.8% of quinine intensity variance,1.8e-15; rep p=1e-5,A,drug-like alkaloid stimulus (quinine is itself a drug)
TAS2R31:allelic variants,Variant,variant->sensory_phenotype,S1:quinine perception,SensoryPhenotype,26024668,candidate assoc,human,,TAS2R31 variants associate with quinine bitterness and grapefruit liking,<0.05,B,
TAS2R31/TAS2R43:polymorphisms,Variant,variant->sensory_phenotype,S1:acesulfame-K (non-nutritive sweetener) perception,SensoryPhenotype,23599216,candidate assoc,human,,Ace-K bitterness varies with TAS2R31/43 variants,<0.05,B,non-food-adjacent synthetic compound
TAS2R38:rs713598,Variant,variant->sensory_phenotype,S1:chloramphenicol (antibiotic) perception,SensoryPhenotype,35967977,genotype + sensory panel,human,143,TAS2R38 diplotype associates with chloramphenicol bitterness,<0.05,B,DIRECT drug-S1 association
TAS2R9:V187A,Variant,variant->sensory_phenotype,S1:ofloxacin (antibiotic) perception,SensoryPhenotype,35967977,genotype + sensory panel,human,143,TAS2R9 V187A associates with ofloxacin bitterness,<0.05,B,DIRECT drug-S1 association; receptor matches BitterDB ofloxacin->TAS2R9
TAS1R1/TAS1R3:TAS1R1-372T/A; TAS1R3-757C/R,Variant,variant->sensory_phenotype,S1:MSG / MSG+IMP (umami) perception,SensoryPhenotype,19696921,genotype + threshold + assay,human,,thresholds track in vitro variant dose-response,<0.05,B,non-bitter modality: G->S1 generalizes beyond TAS2R
TAS1R1/TAS1R3:TAS1R1-372T/A; TAS1R3-757C/R,Variant,variant->receptor_function,TAS1R1/TAS1R3 receptor,Receptor,19696921,genotype + threshold + assay,human,,heterologous expression,,B,
TAS1R2:rs12033832,Variant,variant->sensory_phenotype,S1:sucrose perception,SensoryPhenotype,26279452,candidate assoc,human,696; subset n=95,genotype-BMI interaction on sensitivity and sugar intake,"0.01 (sens), 0.003 (intake)",B,
TAS1R3:promoter polymorphism,Variant,variant->sensory_phenotype,S1:sweet tastants perception,SensoryPhenotype,19559618,candidate assoc,human,,TAS1R3 promoter allele associates with sweet sensitivity,<0.05,B,
SCNN1B:rs239345; rs3785368,Variant,variant->sensory_phenotype,S1:NaCl perception,SensoryPhenotype,23118204,candidate assoc,human,95,AA (rs239345) and TT (rs3785368) perceive salt less intensely,0.02; 0.03,B,TRPV1 rs8065080 also associated (P=0.008)
SCNN1A:A663T,Variant,variant->sensory_phenotype,S1:NaCl perception,SensoryPhenotype,24317554,candidate assoc,human,207,threshold-zinc interaction only in AA homozygous women; no main genotype effect on preference,0.02 (interaction),B,weak/conditional evidence for ENaC
CA6 (gustin):rs2274333,Variant,variant->sensory_phenotype,S1:— perception,SensoryPhenotype,25447475,candidate assoc,human,,gustin variant associated with papilla density (indirect sensory mechanism),<0.05,B,non-receptor confounder pathway
TAS2R38:diplotype,Variant,variant->sensory_phenotype,S1:PROP perception,SensoryPhenotype,24025627,expression assoc,human,,perception correlates with receptor mRNA expression in taste cells,<0.05,B,expression-level mechanism beyond coding variants
TAS2R38:diplotype,Variant,variant->sensory_phenotype,S1:chromium picolinate? no—bitter stimuli battery perception,SensoryPhenotype,18209019,psychophysics,human,,diplotype explains part but not all of PROP supertasting,,B,supertasting depends on more than TAS2R38
TAS2R38:haplotype,Variant,variant->sensory_phenotype,S1:salt (dietary sodium behavior) perception,SensoryPhenotype,32453275,cross-sectional + biomarker,human,42,PAV/PAV predicts lower urinary Na (b=-1780.6); no genotype effect on salt sensitivity,0.036,B,"behaviorally relevant marker, but sensitivity null"
TAS2R38:A49P,Variant,variant->sensory_phenotype,S1:clindamycin liquid (pediatric antibiotic) perception,SensoryPhenotype,42162282,prospective cohort + genotyping,human,67 children,NO association of TAS2R38 or TRPA1 variants with clindamycin liking/side effects,ns,B,KEY NULL: genotype->drug sensory null for a non-TAS2R38 ligand
TRPA1:rs11988795,Variant,variant->sensory_phenotype,S1:pediatric ibuprofen formulation perception,SensoryPhenotype,37685855,GWAS + sensory panel,human,trained adult panel,"TRPA1 variant associated with tingling sensation, independent of ancestry",<5e-8 (GWAS-level reported),A,"chemesthesis channel, not taste receptor; supports G->S1_drug generalization beyond TAS2R"
TAS2R4:—,Variant,variant->sensory_phenotype,S1:PROP (in TAS2R38 AVI carriers) perception,SensoryPhenotype,38732607,functional + sensory,human,,differential TAS2R4 activation may restore PROP tasting in some AVI individuals,,B,redundancy complicates genotype->phenotype mapping
TAS2R4:—,Variant,variant->receptor_function,TAS2R4 receptor,Receptor,38732607,functional + sensory,human,,heterologous assay,,B,
TAS2R2:functional variant in some populations,Variant,variant->sensory_phenotype,S1:phenylbutazone etc. perception,SensoryPhenotype,36929150,screening,human,,TAS2R2 (former pseudogene) responds to 8/122 compounds incl. drug phenylbutazone,,B,population-dependent receptor functionality
TAS2R2:functional variant in some populations,Variant,variant->receptor_function,TAS2R2 receptor,Receptor,36929150,screening,human,,heterologous assay,,B,
TAS2R38:PAV haplotype,Variant,variant->sensory_phenotype,S1:tobacco (real-world bitter exposure) perception,SensoryPhenotype,27711175,multi-cohort assoc,human,237 + 1353 + 2363 + 4973,"PTC tasters less common among smokers (71.5% vs 82.5%, P=0.03); genotype trend ns in larger cohorts",0.03 small cohort; ns replication,B,weak/inconsistent S1->behavior translation in adults
acetaminophen,Drug,drug->receptor_activation,TAS2R39,Receptor,39535052,curated heterologous assays (BitterDB),human,,agonist/activator,,B,BitterDB 2024 update
diclofenac,Drug,drug->receptor_activation,TAS2R14,Receptor,39535052,curated heterologous assays (BitterDB),human,,agonist/activator,,B,BitterDB 2024 update
spironolactone,Drug,drug->receptor_activation,TAS2R14,Receptor,39535052,curated heterologous assays (BitterDB),human,,agonist/activator,,B,BitterDB 2024 update
famotidine,Drug,drug->receptor_activation,TAS2R10,Receptor,39535052,curated heterologous assays (BitterDB),human,,agonist/activator,,B,BitterDB 2024 update
famotidine,Drug,drug->receptor_activation,TAS2R44,Receptor,39535052,curated heterologous assays (BitterDB),human,,agonist/activator,,B,BitterDB 2024 update
erythromycin,Drug,drug->receptor_activation,TAS2R1,Receptor,39535052,curated heterologous assays (BitterDB),human,,agonist/activator,,B,BitterDB 2024 update
erythromycin,Drug,drug->receptor_activation,TAS2R10,Receptor,39535052,curated heterologous assays (BitterDB),human,,agonist/activator,,B,BitterDB 2024 update
ofloxacin,Drug,drug->receptor_activation,TAS2R9,Receptor,39535052,curated heterologous assays (BitterDB),human,,agonist/activator,,B,BitterDB 2024 update
chloroquine,Drug,drug->receptor_activation,TAS2R3,Receptor,39535052,curated heterologous assays (BitterDB),human,,agonist/activator,,B,BitterDB 2024 update
chloroquine,Drug,drug->receptor_activation,TAS2R7,Receptor,39535052,curated heterologous assays (BitterDB),human,,agonist/activator,,B,BitterDB 2024 update
chloroquine,Drug,drug->receptor_activation,TAS2R10,Receptor,39535052,curated heterologous assays (BitterDB),human,,agonist/activator,,B,BitterDB 2024 update
chloroquine,Drug,drug->receptor_activation,TAS2R14,Receptor,39535052,curated heterologous assays (BitterDB),human,,agonist/activator,,B,BitterDB 2024 update
chloroquine,Drug,drug->receptor_activation,TAS2R39,Receptor,39535052,curated heterologous assays (BitterDB),human,,agonist/activator,,B,BitterDB 2024 update
quinine,Drug,drug->receptor_activation,TAS2R1,Receptor,39535052,curated heterologous assays (BitterDB),human,,agonist/activator,,B,BitterDB 2024 update
quinine,Drug,drug->receptor_activation,TAS2R4,Receptor,39535052,curated heterologous assays (BitterDB),human,,agonist/activator,,B,BitterDB 2024 update
quinine,Drug,drug->receptor_activation,TAS2R7,Receptor,39535052,curated heterologous assays (BitterDB),human,,agonist/activator,,B,BitterDB 2024 update
quinine,Drug,drug->receptor_activation,TAS2R10,Receptor,39535052,curated heterologous assays (BitterDB),human,,agonist/activator,,B,BitterDB 2024 update
quinine,Drug,drug->receptor_activation,TAS2R14,Receptor,39535052,curated heterologous assays (BitterDB),human,,agonist/activator,,B,BitterDB 2024 update
quinine,Drug,drug->receptor_activation,TAS2R39,Receptor,39535052,curated heterologous assays (BitterDB),human,,agonist/activator,,B,BitterDB 2024 update
quinine,Drug,drug->receptor_activation,TAS2R40,Receptor,39535052,curated heterologous assays (BitterDB),human,,agonist/activator,,B,BitterDB 2024 update
quinine,Drug,drug->receptor_activation,TAS2R41,Receptor,39535052,curated heterologous assays (BitterDB),human,,agonist/activator,,B,BitterDB 2024 update
quinine,Drug,drug->receptor_activation,TAS2R43,Receptor,39535052,curated heterologous assays (BitterDB),human,,agonist/activator,,B,BitterDB 2024 update
quinine,Drug,drug->receptor_activation,TAS2R44,Receptor,39535052,curated heterologous assays (BitterDB),human,,agonist/activator,,B,BitterDB 2024 update
quinine,Drug,drug->receptor_activation,TAS2R46,Receptor,39535052,curated heterologous assays (BitterDB),human,,agonist/activator,,B,BitterDB 2024 update
dapsone,Drug,drug->receptor_activation,TAS2R4,Receptor,39535052,curated heterologous assays (BitterDB),human,,agonist/activator,,B,BitterDB 2024 update
dapsone,Drug,drug->receptor_activation,TAS2R10,Receptor,39535052,curated heterologous assays (BitterDB),human,,agonist/activator,,B,BitterDB 2024 update
dapsone,Drug,drug->receptor_activation,TAS2R40,Receptor,39535052,curated heterologous assays (BitterDB),human,,agonist/activator,,B,BitterDB 2024 update
hydrocortisone,Drug,drug->receptor_activation,TAS2R46,Receptor,39535052,curated heterologous assays (BitterDB),human,,agonist/activator,,B,BitterDB 2024 update
diphenhydramine,Drug,drug->receptor_activation,TAS2R7,Receptor,39535052,curated heterologous assays (BitterDB),human,,agonist/activator,,B,BitterDB 2024 update
diphenhydramine,Drug,drug->receptor_activation,TAS2R14,Receptor,39535052,curated heterologous assays (BitterDB),human,,agonist/activator,,B,BitterDB 2024 update
diphenhydramine,Drug,drug->receptor_activation,TAS2R40,Receptor,39535052,curated heterologous assays (BitterDB),human,,agonist/activator,,B,BitterDB 2024 update
chlorpheniramine,Drug,drug->receptor_activation,TAS2R4,Receptor,39535052,curated heterologous assays (BitterDB),human,,agonist/activator,,B,BitterDB 2024 update
chlorpheniramine,Drug,drug->receptor_activation,TAS2R7,Receptor,39535052,curated heterologous assays (BitterDB),human,,agonist/activator,,B,BitterDB 2024 update
chlorpheniramine,Drug,drug->receptor_activation,TAS2R10,Receptor,39535052,curated heterologous assays (BitterDB),human,,agonist/activator,,B,BitterDB 2024 update
chlorpheniramine,Drug,drug->receptor_activation,TAS2R14,Receptor,39535052,curated heterologous assays (BitterDB),human,,agonist/activator,,B,BitterDB 2024 update
chlorpheniramine,Drug,drug->receptor_activation,TAS2R38,Receptor,39535052,curated heterologous assays (BitterDB),human,,agonist/activator,,B,BitterDB 2024 update
chlorpheniramine,Drug,drug->receptor_activation,TAS2R39,Receptor,39535052,curated heterologous assays (BitterDB),human,,agonist/activator,,B,BitterDB 2024 update
chlorpheniramine,Drug,drug->receptor_activation,TAS2R40,Receptor,39535052,curated heterologous assays (BitterDB),human,,agonist/activator,,B,BitterDB 2024 update
chlorpheniramine,Drug,drug->receptor_activation,TAS2R46,Receptor,39535052,curated heterologous assays (BitterDB),human,,agonist/activator,,B,BitterDB 2024 update
ferrous sulfate,Drug,drug->receptor_activation,TAS2R7,Receptor,39535052,curated heterologous assays (BitterDB),human,,agonist/activator,,B,BitterDB 2024 update
thiamine,Drug,drug->receptor_activation,TAS2R1,Receptor,39535052,curated heterologous assays (BitterDB),human,,agonist/activator,,B,BitterDB 2024 update
thiamine,Drug,drug->receptor_activation,TAS2R39,Receptor,39535052,curated heterologous assays (BitterDB),human,,agonist/activator,,B,BitterDB 2024 update
haloperidol,Drug,drug->receptor_activation,TAS2R10,Receptor,39535052,curated heterologous assays (BitterDB),human,,agonist/activator,,B,BitterDB 2024 update
haloperidol,Drug,drug->receptor_activation,TAS2R14,Receptor,39535052,curated heterologous assays (BitterDB),human,,agonist/activator,,B,BitterDB 2024 update
colchicine,Drug,drug->receptor_activation,TAS2R4,Receptor,39535052,curated heterologous assays (BitterDB),human,,agonist/activator,,B,BitterDB 2024 update
colchicine,Drug,drug->receptor_activation,TAS2R39,Receptor,39535052,curated heterologous assays (BitterDB),human,,agonist/activator,,B,BitterDB 2024 update
colchicine,Drug,drug->receptor_activation,TAS2R46,Receptor,39535052,curated heterologous assays (BitterDB),human,,agonist/activator,,B,BitterDB 2024 update
dutasteride,Drug,drug->receptor_activation,TAS2R14,Receptor,39535052,curated heterologous assays (BitterDB),human,,agonist/activator,,B,BitterDB 2024 update
finasteride,Drug,drug->receptor_activation,TAS2R14,Receptor,39535052,curated heterologous assays (BitterDB),human,,agonist/activator,,B,BitterDB 2024 update
theophylline,Drug,drug->receptor_activation,TAS2R7,Receptor,39535052,curated heterologous assays (BitterDB),human,,agonist/activator,,B,BitterDB 2024 update
theophylline,Drug,drug->receptor_activation,TAS2R10,Receptor,39535052,curated heterologous assays (BitterDB),human,,agonist/activator,,B,BitterDB 2024 update
theophylline,Drug,drug->receptor_activation,TAS2R14,Receptor,39535052,curated heterologous assays (BitterDB),human,,agonist/activator,,B,BitterDB 2024 update
theophylline,Drug,drug->receptor_activation,TAS2R43,Receptor,39535052,curated heterologous assays (BitterDB),human,,agonist/activator,,B,BitterDB 2024 update
theophylline,Drug,drug->receptor_activation,TAS2R46,Receptor,39535052,curated heterologous assays (BitterDB),human,,agonist/activator,,B,BitterDB 2024 update
caffeine,Drug,drug->receptor_activation,TAS2R7,Receptor,39535052,curated heterologous assays (BitterDB),human,,agonist/activator,,B,BitterDB 2024 update
caffeine,Drug,drug->receptor_activation,TAS2R10,Receptor,39535052,curated heterologous assays (BitterDB),human,,agonist/activator,,B,BitterDB 2024 update
caffeine,Drug,drug->receptor_activation,TAS2R14,Receptor,39535052,curated heterologous assays (BitterDB),human,,agonist/activator,,B,BitterDB 2024 update
caffeine,Drug,drug->receptor_activation,TAS2R43,Receptor,39535052,curated heterologous assays (BitterDB),human,,agonist/activator,,B,BitterDB 2024 update
caffeine,Drug,drug->receptor_activation,TAS2R46,Receptor,39535052,curated heterologous assays (BitterDB),human,,agonist/activator,,B,BitterDB 2024 update
dextromethorphan,Drug,drug->receptor_activation,TAS2R1,Receptor,39535052,curated heterologous assays (BitterDB),human,,agonist/activator,,B,BitterDB 2024 update
dextromethorphan,Drug,drug->receptor_activation,TAS2R7,Receptor,39535052,curated heterologous assays (BitterDB),human,,agonist/activator,,B,BitterDB 2024 update
dextromethorphan,Drug,drug->receptor_activation,TAS2R10,Receptor,39535052,curated heterologous assays (BitterDB),human,,agonist/activator,,B,BitterDB 2024 update
carisoprodol,Drug,drug->receptor_activation,TAS2R14,Receptor,39535052,curated heterologous assays (BitterDB),human,,agonist/activator,,B,BitterDB 2024 update
carisoprodol,Drug,drug->receptor_activation,TAS2R46,Receptor,39535052,curated heterologous assays (BitterDB),human,,agonist/activator,,B,BitterDB 2024 update
saccharin,Drug,drug->receptor_activation,TAS2R43,Receptor,39535052,curated heterologous assays (BitterDB),human,,agonist/activator,,B,BitterDB 2024 update
saccharin,Drug,drug->receptor_activation,TAS2R44,Receptor,39535052,curated heterologous assays (BitterDB),human,,agonist/activator,,B,BitterDB 2024 update
denatonium benzoate,Drug,drug->receptor_activation,TAS2R4,Receptor,39535052,curated heterologous assays (BitterDB),human,,agonist/activator,,B,BitterDB 2024 update
denatonium benzoate,Drug,drug->receptor_activation,TAS2R8,Receptor,39535052,curated heterologous assays (BitterDB),human,,agonist/activator,,B,BitterDB 2024 update
denatonium benzoate,Drug,drug->receptor_activation,TAS2R10,Receptor,39535052,curated heterologous assays (BitterDB),human,,agonist/activator,,B,BitterDB 2024 update
denatonium benzoate,Drug,drug->receptor_activation,TAS2R13,Receptor,39535052,curated heterologous assays (BitterDB),human,,agonist/activator,,B,BitterDB 2024 update
denatonium benzoate,Drug,drug->receptor_activation,TAS2R39,Receptor,39535052,curated heterologous assays (BitterDB),human,,agonist/activator,,B,BitterDB 2024 update
denatonium benzoate,Drug,drug->receptor_activation,TAS2R43,Receptor,39535052,curated heterologous assays (BitterDB),human,,agonist/activator,,B,BitterDB 2024 update
denatonium benzoate,Drug,drug->receptor_activation,TAS2R46,Receptor,39535052,curated heterologous assays (BitterDB),human,,agonist/activator,,B,BitterDB 2024 update
denatonium benzoate,Drug,drug->receptor_activation,TAS2R47,Receptor,39535052,curated heterologous assays (BitterDB),human,,agonist/activator,,B,BitterDB 2024 update
propylthiouracil,Drug,drug->receptor_activation,TAS2R2,Receptor,39535052,curated heterologous assays (BitterDB),human,,agonist/activator,,B,BitterDB 2024 update
propylthiouracil,Drug,drug->receptor_activation,TAS2R38,Receptor,39535052,curated heterologous assays (BitterDB),human,,agonist/activator,,B,BitterDB 2024 update
S1:TAS2R38 bitter-sensitive genotype,SensoryPhenotype,sensory_phenotype->medication_behavior,S2:solid formulation usage history,BehavioralPhenotype,22440514,retrospective pooled,human,448.0,bitter-sensitive children more likely to have used solid formulations,<0.05,C,genotype->S2 proxy; pediatric only
S1:TAS2R38 A49P,SensoryPhenotype,sensory_phenotype->medication_behavior,S2:reported rejection of liquid medication,BehavioralPhenotype,26391354,retrospective interview,human,172.0,P-allele carriers more likely to report rejecting liquids (chi2=5.72),0.02,C,
S1:taste/palatability of formulations,SensoryPhenotype,sensory_phenotype->medication_behavior,S2:adherence,BehavioralPhenotype,22088684,narrative review,human,,taste/palatability affect adherence to antibiotics,,C,established pediatric link
S1:dislike of taste (54%),SensoryPhenotype,sensory_phenotype->medication_behavior,S2:adherence + side effects (36%),BehavioralPhenotype,42162282,prospective cohort,human,67.0,substantial individual variability; taste linked to behavioral responses,<0.001 distaste expressions,B,S1->S2 proximate but genotype null
S1:taste acceptability,SensoryPhenotype,sensory_phenotype->medication_behavior,S2:acceptability/adherence impact,BehavioralPhenotype,40837710,scoping review,human,,documented impact across medicines,,C,
S1:sucrose suppresses bitterness,SensoryPhenotype,sensory_phenotype->medication_behavior,S2:improved acceptance,BehavioralPhenotype,25381313,controlled psychophysics,human,,sucrose reduces bitterness moderate->weak (adults); TAS1R3-sensitive report more reduction,<0.05,C,formulation lever; genotype interaction suggested
S1:tablet shape/size/color,SensoryPhenotype,sensory_phenotype->medication_behavior,S2:adherence,BehavioralPhenotype,42391492,review/survey,human,,physical form influences adherence,,C,adult evidence is form not flavor
S1:ethanol detection threshold,SensoryPhenotype,sensory_phenotype->medication_behavior,S2:alcohol intake,BehavioralPhenotype,7878095,cross-sectional,human,20.0,intake correlates with threshold + pharmacological reactivity (23% var),,C,adult S1->consumption (non-medication)
S1:TAS2R38 haplotype,SensoryPhenotype,sensory_phenotype->medication_behavior,S2:brassica intake,BehavioralPhenotype,21338274,cohort,human,500.0,NULL association,ns,B,NEGATIVE: genotype does not predict real-world intake
S1:PROP sensitivity,SensoryPhenotype,sensory_phenotype->medication_behavior,"S2:dietary pattern, BMI",BehavioralPhenotype,17659901,cross-sectional,human,,,ns,C,NEGATIVE
S1:PTC/TAS2R38,SensoryPhenotype,sensory_phenotype->medication_behavior,S2:smoking status,BehavioralPhenotype,27711175,multi-cohort,human,8626.0,"small-cohort assoc, larger cohorts ns",0.03/ns,B,weak translation
long-term dietary sodium reduction,TrainingIntervention,diet/training->sensory_phenotype,S1:preferred salt level declined; salt taste adapted over month,SensoryPhenotype,7148734,longitudinal intervention,human,~20,preference shift toward lower salt,significant (classic),B,classic plasticity evidence; small n
increasing dietary salt,TrainingIntervention,diet/training->sensory_phenotype,S1:salt taste preference shifted up with higher intake,SensoryPhenotype,3797487,dietary manipulation,human,,preference shift,<0.05,B,
short-term diet change,TrainingIntervention,diet/training->sensory_phenotype,S1:salt taste preference responds to diet,SensoryPhenotype,1562204,short-term intervention,human,,,,B,
experimental sodium depletion,TrainingIntervention,diet/training->sensory_phenotype,S1:altered salt taste in normal volunteers,SensoryPhenotype,2185626,controlled depletion,human,,,,B,physiological modulation of salt taste
reduced simple-sugar diet (3 months),TrainingIntervention,diet/training->sensory_phenotype,S1:perceived sweet intensity increased; pleasantness unchanged,SensoryPhenotype,26607941,dietary RCT,human,,sensitivity shift without hedonic shift,<0.05,A,"plasticity is perceptual, not hedonic"
6-month low/regular/high sweet exposure,TrainingIntervention,diet/training->sensory_phenotype,S1:sweet liking/intake outcomes,SensoryPhenotype,41485871,parallel RCT (Sweet Tooth),human,180,,,A,large modern RCT; see results in text
repeated taste exposure (vegetables),TrainingIntervention,diet/training->sensory_phenotype,S1:increased liking,SensoryPhenotype,20541572,longitudinal exposure,human,,acceptance up,<0.05,B,"pediatric, not adult"
repeated exposure to disliked Nordic bars,TrainingIntervention,diet/training->sensory_phenotype,S1:acceptance increased with exposure,SensoryPhenotype,21868139,controlled exposure,human,,,,B,adult food-exposure effect
repeated exposure to reduced-energy-dense food,TrainingIntervention,diet/training->sensory_phenotype,S1:increased liking,SensoryPhenotype,20375191,controlled exposure,human,,,,B,
repeated taste exposure (longitudinal),TrainingIntervention,diet/training->sensory_phenotype,S1:practice effects on taste acceptance,SensoryPhenotype,18585415,longitudinal,human,,,,B,
capsaicin repeated low-dose oral rinsing (17d),TrainingIntervention,diet/training->sensory_phenotype,S1:reduced oral burn (desensitization),SensoryPhenotype,38135109,controlled desensitization,human,51,S1 down,,B,chemesthesis plasticity; receptor-adjacent
repeated capsaicin in real food,TrainingIntervention,diet/training->sensory_phenotype,S1:minimal sensitization,SensoryPhenotype,40876703,dietary,human,,null-ish,,B,NEGATIVE: limited plasticity in real-world format
oral NaCl rinsing without consumption (2wk),TrainingIntervention,diet/training->sensory_phenotype,S1:no change in salt DT/RT/suprathreshold,SensoryPhenotype,36894246,cross-over intervention,human,42,,>0.05 all,B,KEY NEGATIVE: taste exposure alone insufficient; consumption context matters
8-wk low-sodium cereal,TrainingIntervention,diet/training->sensory_phenotype,S1:acceptance increased but taste preferences and thresholds un,SensoryPhenotype,31006818,RCT,human,39,"hedonic shift, no S1 shift",ns (preference/threshold),A,"mixed: liking plastic, sensory threshold not"
bitter/sour novel foods x10 exposures,TrainingIntervention,diet/training->sensory_phenotype,S1:NO change in pleasantness for bitter/sour; sweet/salty impro,SensoryPhenotype,7878095,controlled exposure,human,20,null for bitter,ns,B,NEGATIVE: bitter specifically resistant to exposure-driven liking in adults
herb/spice seasoning of low-salt soup,TrainingIntervention,diet/training->sensory_phenotype,S1:increased liking of low-salt soup over repeated exposure,SensoryPhenotype,24879887,consumer test,human,,,,B,compensation strategy
salt-reduced reformulation (products),TrainingIntervention,diet/training->sensory_phenotype,S1:up to ~40% (bread)/~70% (meat) reduction without acceptabili,SensoryPhenotype,26745848,systematic review + meta-analysis,human,50 studies,,ns acceptability change,B,"masking-by-matrix, not perceiver plasticity"
chloramphenicol + ofloxacin,Drug,drug->sensory_phenotype,S1:dominant sensation bitterness (~moderate gLMS); genotype-lin,SensoryPhenotype,35967977,human sensory panel n=143,human,,dominant sensation bitterness (~moderate gLMS); genotype-linked variation,,A,
ibuprofen pediatric formulation,Drug,drug->sensory_phenotype,S1:wide individual variation in taste/chemesthesis; TRPA1 rs119,SensoryPhenotype,37685855,GWAS sensory panel,human,,wide individual variation in taste/chemesthesis; TRPA1 rs11988795 -> tingling; ancestry differences,,A,
clindamycin liquid,Drug,drug->sensory_phenotype,S1:54% disliked taste; variation not explained by TAS2R38/TRPA1,SensoryPhenotype,42162282,prospective cohort n=67,human,,54% disliked taste; variation not explained by TAS2R38/TRPA1,,A,negative for candidate genes
prednisolone powder,Drug,drug->sensory_phenotype,S1:commercial prednisolone powder intensely bitter; masking met,SensoryPhenotype,18827377,human + taste sensor,human,,commercial prednisolone powder intensely bitter; masking methods quantified,,A,
amlodipine ODT (10 products),Drug,drug->sensory_phenotype,S1:large inter-product palatability differences for same API,SensoryPhenotype,23927469,human panel,human,,large inter-product palatability differences for same API,,A,formulation dominates API taste
TAS2R38:bitter-sensitive haplotype,Variant,variant->medication_behavior,solid formulation usage (children),BehavioralPhenotype,22440514,retrospective,human,448,more solid-form use,<0.05,B,
TAS2R38:A49P P allele,Variant,variant->medication_behavior,liquid medication rejection reports (children),BehavioralPhenotype,26391354,retrospective interview,human,172,more rejection,0.02,B,
