variant,drug,predicted_direction,magnitude,mechanism,expected_behavior,alternative,negative_control,falsifier,tier
TAS2R38 PAV/AVI diplotype (rs713598 etc.),propylthiouracil-class thiourea drugs / PROP probe,PAV -> stronger bitterness,large,TAS2R38 agonism,higher avoidance of bitter liquid forms,none credible (validated chain),"non-oral drug, same genotype -> null",no sensory difference despite power+exposure,1
TAS2R38 diplotype,chloramphenicol (and structurally related bitter antibiotics),PAV -> stronger bitterness,moderate,TAS2R38-dependent perception,liquid rejection reports,"ancestry, indication",ofloxacin (different receptor),null in powered sample,1
TAS2R9 V187A,ofloxacin (fluoroquinolones),187A -> altered bitterness,moderate,TAS2R9 agonism (BitterDB),formulation preference,single-cohort finding may not replicate,non-TAS2R9 bitter drug,no assoc in powered replication,2
TAS2R38 diplotype,liquid oral medications generally,PAV -> more rejection / solid-form preference,small-moderate,bitter intensity -> acceptance,formulation choice,confounded by age/indication/adherence traits,enteric-coated masked formulation -> null,no assoc,2
TAS2R38 diplotype,clindamycin liquid,NULL predicted (2026 prospective null already published),unknown/null,non-TAS2R38 ligand,no genotype effect,,,spurious positive in validation,4 (negative control)
TAS1R2 rs12033832,sweetened formulations,G allele -> lower sweet perception -> different masking benefit,small,sweet receptor sensitivity,formulation preference,BMI interaction,unflavored formulation,no genotype x sweetness interaction,3
TRPA1 rs11988795,chemesthetic oral liquids (ibuprofen-like),variant -> more tingling/irritation,moderate,"chemesthesis, not taste",palatability differences,"single cohort, unvalidated",non-irritating formulation,no replication,3
TAS2R38 diplotype,insulin (parenteral),NULL,null,no oral chemosensory exposure,no association,,—,any positive assoc = pipeline artifact/confounding,4 (negative control)
TAS2R38 diplotype,"omeprazole (enteric-coated, masked)",NULL or attenuated vs unmasked,null-small,formulation removes oral exposure,no genotype effect,residual taste on chewing,—,strong positive assoc,4 (negative control)
