pid,gene,variant,rsid,haplotype,receptor,drug,dclass,route,formulation,prop,direction,magnitude,tier,G,H,R,V,Rep,F,O,A,mech,behavior,alt,neg,falsify,primary,cites,evidence_score,bitterdb_edge
P01,TAS2R38,PAV/AVI diplotype,rs713598;rs1726866;rs10246939,PAV vs AVI,TAS2R38,propylthiouracil,antithyroid (thiourea),oral,tablet,bitterness (thiourea moiety),PAV -> stronger bitterness -> higher avoidance of liquid/bitter exposure,large,A,3,3,3,3,2,1,1,1,TAS2R38 agonism (BitterDB; PROP EC50 2.1uM PAV),avoidance / formulation choice,none credible (validated chain),non-oral drug same genotype -> null,no sensory difference despite power+exposure,primary,12595690;15723792;20675712;23632915,15,True
P02,TAS2R38,PAV/AVI diplotype,rs713598,PAV vs AVI,TAS2R38,methimazole (thiamazole),antithyroid,oral,tablet,bitterness (thiourea moiety),PAV -> stronger bitterness -> formulation/use gradient,moderate,B,3,2,3,3,1,1,2,1,methimazole = validated TAS2R38 ligand (Behrens 2013; BitterDB),cross-wave use / formulation preference,indication (hyperthyroidism) fixed; prescriber choice,carbimazole prodrug / non-oral route,null in powered sample,primary,23632915;BitterDB,14,False
P03,TAS2R38,PAV/AVI diplotype,rs713598,PAV vs AVI,TAS2R38,chloramphenicol,antibiotic,oral,capsule/suspension,bitterness,PAV -> stronger bitterness,moderate,A,3,3,3,3,1,1,0,2,TAS2R38-dependent bitterness in human panel,liquid rejection reports,"ancestry, indication; rare use in Japan",ofloxacin (TAS2R9),null replication,secondary,35967977,12,False
P04,TAS2R38,PAV/AVI diplotype,rs713598,PAV vs AVI,TAS2R38,chlorpheniramine,antihistamine,oral,syrup/drops vs tablet,bitterness,PAV -> stronger bitterness -> syrup avoidance,small-moderate,C,3,1,3,3,0,2,1,2,chlorpheniramine -> TAS2R38/46 (BitterDB); known bitter antihistamine,formulation choice / reported use,"OTC access, indication, age",tablet (masked) contrast,no gradient,secondary,BitterDB,11,True
P05,TAS2R9,V187A,,,TAS2R9,ofloxacin,fluoroquinolone,oral,tablet/drops,bitterness,187A -> altered bitterness,moderate,A,2,2,3,2,0,1,1,2,human cohort assoc + BitterDB TAS2R9 edge,formulation preference,single-cohort,non-TAS2R9 bitter drug,no assoc in replication,primary,35967977;BitterDB,9,True
P06,TAS2R19,R299C,rs10772420,,TAS2R19 (chr12 cluster),quinine / quinidine,antimalarial/antiarrhythmic,oral,tablet,bitterness,C-allele -> higher quinine intensity,moderate,A,3,2,2,2,2,1,1,2,"GWAS lead (P=1.8e-15, 5.8% var); salivary-gene confound possible",bitter-exposure linked use,low quinine exposure in Japan; LD cluster,caffeine (no GWAS hit same study),null,secondary,20675712;26024668,11,False
P07,TAS2R38,PAV/AVI diplotype,rs713598,PAV vs AVI,TAS2R38,liquid oral medications (aggregate),cross-class,oral,liquid,bitterness,PAV -> more rejection / solid-form preference,small-moderate,B,3,2,3,3,1,2,1,3,bitter intensity -> acceptance (pediatric chain),formulation choice,age/indication/adherence traits,enteric-coated masked formulation,no assoc,secondary,22440514;26391354;25381313,12,False
P08,TAS1R2,rs12033832,rs12033832,,TAS1R2/TAS1R3,sweetened oral formulations,formulation contrast,oral,sweetened vs plain,sweetness,G allele -> lower sweet perception -> reduced masking benefit,small,B,2,1,1,2,1,2,1,3,sweet receptor sensitivity alters masking,formulation preference,BMI interaction; broad confounding,unflavored formulation,no genotype x sweetness interaction,secondary,sweet_loci_pool,7,False
P09,TRPA1,rs11988795,rs11988795,,TRPA1,chemesthetic oral liquids (ibuprofen susp),NSAID,oral,suspension,chemesthesis (tingling),variant -> more irritation -> lower acceptability,moderate,B,2,3,2,2,0,2,1,2,pediatric GWAS panel hit; not taste,palatability-driven use,single cohort; ancestry,non-irritating formulation,no replication,secondary,37685855,10,False
P10,TAS2R4,differential-activation variant,,,TAS2R4,PROP / thiourea exposure in AVI carriers,antithyroid class,oral,any oral,bitterness (partial rescue),variant -> retained PROP sensing in AVI,small-moderate,C,2,1,2,2,0,1,0,2,compensatory activation rescues AVI phenotype,attenuated avoidance,rare allele; proxy weak,PAV homozygotes,no rescue effect,secondary,38732607,6,False
P11,TAS2R43/TAS2R46,polymorphisms,,,TAS2R43/46,acesulfame-K sweetened formulations,formulation ingredient,oral,Ace-K sweetened,bitterness of sweetener,variant -> altered Ace-K bitterness -> sweetened-form preference,small,B,2,2,3,1,0,1,1,3,Ace-K bitterness varies with receptor polymorphisms; BitterDB edges,sweetened formulation preference,ingredient not drug; masked co-formulation,sugar-sweetened only,no assoc,secondary,BitterDB,7,False
P12,TAS2R38,PAV/AVI diplotype,rs713598,PAV vs AVI,TAS2R38,erythromycin (suspension),macrolide,oral,suspension vs enteric/film tab,bitterness,PAV -> more bitterness -> suspension avoidance,small-moderate,C,3,1,2,3,0,2,1,2,erythromycin -> TAS2R1/10 (not TAS2R38): generalized bitter intensity proxy only,formulation use gradient,non-TAS2R38 receptor; prescriber,enteric-coated tab,no gradient,secondary,BitterDB,10,False
