prediction_id,indication,disease severity,prescriber preference,age,sex,ancestry,SES,polypharmacy,health literacy,adherence tendency,diet,smoking,alcohol,extraoral receptor biology,pleiotropy/LD,PK mechanism,PD mechanism,formulation masking,drug availability,control_strategy,residual
P01,moderate,low,low,low,low,moderate,low,low,low,high,low,low,low,moderate,low,moderate,low,high,low,negative controls + formulation contrasts + covariates + interaction estimand,indication and adherence-trait confounding cannot be fully removed observationally
P02,moderate,low,low,low,low,moderate,low,low,low,moderate,low,low,low,moderate,low,moderate,low,high,low,negative controls + formulation contrasts + covariates + interaction estimand,indication and adherence-trait confounding cannot be fully removed observationally
P03,high,low,low,low,low,moderate,low,low,low,high,low,low,low,moderate,low,moderate,low,moderate,low,negative controls + formulation contrasts + covariates + interaction estimand,indication and adherence-trait confounding cannot be fully removed observationally
P04,high,low,low,low,low,moderate,low,low,low,high,low,low,low,moderate,low,moderate,low,high,low,negative controls + formulation contrasts + covariates + interaction estimand,indication and adherence-trait confounding cannot be fully removed observationally
P05,high,low,low,low,low,moderate,low,low,low,high,low,low,low,moderate,low,moderate,low,high,low,negative controls + formulation contrasts + covariates + interaction estimand,indication and adherence-trait confounding cannot be fully removed observationally
P06,high,low,low,low,low,moderate,low,low,low,high,low,low,low,moderate,low,moderate,low,high,low,negative controls + formulation contrasts + covariates + interaction estimand,indication and adherence-trait confounding cannot be fully removed observationally
P07,high,low,low,low,low,moderate,low,low,low,high,low,low,low,moderate,low,moderate,low,moderate,low,negative controls + formulation contrasts + covariates + interaction estimand,indication and adherence-trait confounding cannot be fully removed observationally
P08,high,low,low,low,low,moderate,low,low,low,high,low,low,low,moderate,low,moderate,low,moderate,low,negative controls + formulation contrasts + covariates + interaction estimand,indication and adherence-trait confounding cannot be fully removed observationally
P09,high,low,low,low,low,moderate,low,low,low,high,low,low,low,moderate,low,moderate,low,moderate,low,negative controls + formulation contrasts + covariates + interaction estimand,indication and adherence-trait confounding cannot be fully removed observationally
P10,high,low,low,low,low,moderate,low,low,low,high,low,low,low,moderate,low,moderate,low,moderate,low,negative controls + formulation contrasts + covariates + interaction estimand,indication and adherence-trait confounding cannot be fully removed observationally
P11,high,low,low,low,low,moderate,low,low,low,high,low,low,low,moderate,low,moderate,low,moderate,low,negative controls + formulation contrasts + covariates + interaction estimand,indication and adherence-trait confounding cannot be fully removed observationally
P12,high,low,low,low,low,moderate,low,low,low,high,low,low,low,moderate,low,moderate,low,moderate,low,negative controls + formulation contrasts + covariates + interaction estimand,indication and adherence-trait confounding cannot be fully removed observationally
