filename,relative_path,version,status,frozen_or_editable,scientific_role,supersedes,superseded_by,sha256
03_STUDY_INVENTORY.csv,03_STUDY_INVENTORY.csv,,final,frozen,study inventory,,,f4016c05c1e3d7c9723870487747cfd6fd99f176baf45047c0697982714c3c3e
04_VARIANT_EVIDENCE.csv,04_VARIANT_EVIDENCE.csv,,final,frozen,variant evidence,,,fb064134172a4be6de1afb4766bfae5ed69efc7b33d07fb3b1ad142f33dd0342
05_DRUG_SENSORY_EVIDENCE.csv,05_DRUG_SENSORY_EVIDENCE.csv,,final,frozen,drug-sensory evidence,,,7ed383420ebf853d3a3fbf3216bc4e7f1220fb17988f5c14054f69bab537f993
06_PLASTICITY_EVIDENCE.csv,06_PLASTICITY_EVIDENCE.csv,,final,frozen,plasticity evidence,,,036573541300919d7e9bcb23cc0b575c659adca669262fa90a69003e8b848c93
11_RECEPTOR_DRUG_MATRIX.csv,11_RECEPTOR_DRUG_MATRIX.csv,,final,frozen,receptor-drug matrix,,,9c28a247be73565c6f57e9a900b5c404adf39113f14bdedbf841b933d4de5cfa
12_VARIANT_FUNCTION_MATRIX.csv,12_VARIANT_FUNCTION_MATRIX.csv,,final,frozen,variant function,,,253818d49da0407f71ef80986f43b600757e4ff89f544ecd5547180820223fe6
13_LOCKED_PREDICTIONS.csv,13_LOCKED_PREDICTIONS.csv,,final,frozen,v1 locked predictions,,13_LOCKED_PREDICTIONS_v2_PRELIMINARY.csv,39377a74ed03e5dc11b0518cf3ce3e7fdf4f94152ce5a7135ab14490f3fe643d
13_LOCKED_PREDICTIONS_v2_FINAL.csv,13_LOCKED_PREDICTIONS_v2_FINAL.csv,v2,final,frozen,current frozen prediction panel,13_LOCKED_PREDICTIONS_v2_PRELIMINARY.csv,,e9e6479cbcbd22c1a9ccab48c3ea32b851269a58c5c90cd367c1305382e91093
13_LOCKED_PREDICTIONS_v2_PRELIMINARY.csv,13_LOCKED_PREDICTIONS_v2_PRELIMINARY.csv,v2,final,frozen,v2 preliminary freeze,13_LOCKED_PREDICTIONS.csv,13_LOCKED_PREDICTIONS_v2_FINAL.csv,e9e6479cbcbd22c1a9ccab48c3ea32b851269a58c5c90cd367c1305382e91093
18_REFERENCES.bib,18_REFERENCES.bib,,final,frozen,references,,,5aaa617b9cfbc813f56b7a1af88cd519db023bb71ab86af3df7a3be1b6f0f8b1
21_PREDICTION_SCORING_RUBRIC.md,21_PREDICTION_SCORING_RUBRIC.md,,final,frozen,evidence scoring rubric,,,65c1b6ff16e7928ba7fcb20503f5eda2cd2079d60e21dd7a6f76afebd8be3e37
22_PREDICTION_EXPANSION_SEARCH.md,22_PREDICTION_EXPANSION_SEARCH.md,,final,frozen,expansion search,,,84cd27b4e0efeb0e8a439587a1bd21590a111a8efc6686e4e1dc80adcf4889ac
23_CANDIDATE_PREDICTIONS_ALL.csv,23_CANDIDATE_PREDICTIONS_ALL.csv,,final,frozen,candidate pool,,,bc2f31d22f463dab9b717e2c9f60bafe9a2aaf9694c91e100b37a9196bee9cde
24_PREDICTION_EVIDENCE_AUDIT.csv,24_PREDICTION_EVIDENCE_AUDIT.csv,,final,frozen,evidence audit,,,cb44bb610186b0d274f402289503afef98036628b9542473ea5995665e8e5f78
25_FORMULATION_ROUTE_CONTRASTS.csv,25_FORMULATION_ROUTE_CONTRASTS.csv,,final,frozen,formulation contrasts,,,7749efa702e46e941a77c3af0594c74ae705cdd0a3716f47a537499b05391321
26_NEGATIVE_CONTROLS.csv,26_NEGATIVE_CONTROLS.csv,,final,frozen,negative controls,,79_NEGATIVE_CONTROL_FINAL.csv,68ca0bed835ff64470ebb6bc0b9ce2092e1d5af67d0d80f03db31e78fcaad3ae
28_TOMMO_MEDICATION_VARIABLE_MATRIX.csv,28_TOMMO_MEDICATION_VARIABLE_MATRIX.csv,,final,frozen,ToMMo medication vars,,,122705bfc0fd24f5b3a1e81a0e8f0c4418606127dc4e29662c403d6303134a7e
29_TOMMO_DIETARY_VARIABLE_MATRIX.csv,29_TOMMO_DIETARY_VARIABLE_MATRIX.csv,,final,frozen,ToMMo diet vars,,,3582b85be0a6332754f33a41501ca5051087142fbb8873c05ed243863e0ad988
31_TOMMO_PREDICTION_TESTABILITY_MATRIX.csv,31_TOMMO_PREDICTION_TESTABILITY_MATRIX.csv,,final,frozen,testability matrix,,,219cb4e8bb21a2cf3821d61e370354146c3e5bbcc8db000a6b81c364fc76bcab
32_PREDICTION_CALIBRATION_PLAN.md,32_PREDICTION_CALIBRATION_PLAN.md,,final,frozen,calibration plan (pre-amend),,,657ec39c22db7442196a842e161faf7113685a7f90aa40f85d668e968781b9d1
33_ALTERNATIVE_EXPLANATION_AUDIT.csv,33_ALTERNATIVE_EXPLANATION_AUDIT.csv,,final,frozen,alt explanations,,,7f57df53ff7c24cb1237a0a273efb0b21a1cde8af7d814d9be01741907189a21
34_PRIMARY_VALIDATION_FREEZE.md,34_PRIMARY_VALIDATION_FREEZE.md,,final,frozen,primary validation freeze,,,df77290c0376e3b36b51846a3528baa80f7c6e525b72d50743293ef3cca3973c
35_NATURE_ROUTE_ASSESSMENT.md,35_NATURE_ROUTE_ASSESSMENT.md,,final,frozen,nature route,,,ef58145e584d8b5fa822166180f26626c435667dc34edc0c64e2244b5eee195d
36_GATE_DECISION.md,36_GATE_DECISION.md,,final,frozen,feasibility gate decision,,,461219e8599bf92c2ff6af531f60ae383329bd6955fc5ef815d3beec3ba9695d
60_PREOPENING_INPUT_MANIFEST.md,60_PREOPENING_INPUT_MANIFEST.md,,final,frozen,input manifest+hashes,,,f41ee8d6e8ed9cf15cab65a5b30b1040e8b68f11f427dd2529cbb85b44689ea7
61_PREOPENING_ERRATA.md,61_PREOPENING_ERRATA.md,,final,frozen,errata,,,4454e5f57650cd220ce90ae3967f09cd0fe6b8181e7d75229b8b141a23f12bf5
62_PREDICTION_HIERARCHY_FREEZE.csv,62_PREDICTION_HIERARCHY_FREEZE.csv,,final,frozen,confirmatory hierarchy,,,408f64bc339cd70fee17ab01345847e022c9fbccf472ec4899ec0c64fc70230b
63_GENOTYPE_IMPLEMENTATION_FINAL.csv,63_GENOTYPE_IMPLEMENTATION_FINAL.csv,,final,frozen,genotype implementation,,,5a2638567b78337babdde2e4957e9e3291d2a768fcd9e651f1ed95736c60ce70
64_GENOTYPE_PROXY_FREEZE.md,64_GENOTYPE_PROXY_FREEZE.md,,final,frozen,proxy rules,,,bcf439e5bebae283d53d99ec480f5ee0a48052dd912c3fe7c0f47189b2b0ab9d
65_TAS2R38_HAPLOTYPE_FREEZE.md,65_TAS2R38_HAPLOTYPE_FREEZE.md,,final,frozen,TAS2R38 haplotype,,,f5a75f54a2106f5e8d79001c12742b4044e2f2f426f2ef05ceb3bb75c0befcb2
66_FORMULATION_DICTIONARY_FINAL.csv,66_FORMULATION_DICTIONARY_FINAL.csv,,final,frozen,formulation dictionary,,,d5a6dac9acffbb867ba963cac566a552b9d0ebac605f2eec4b942e146b25e4a7
67_ORAL_SENSORY_EXPOSURE_FREEZE.md,67_ORAL_SENSORY_EXPOSURE_FREEZE.md,,final,frozen,oral exposure classes,,,eee95ac8c90e106c0a0c02d43e7ad92dfd660e9964446ca4367610c85d2e6794
68_TASTE_MASKING_FREEZE.csv,68_TASTE_MASKING_FREEZE.csv,,final,frozen,taste masking,,,35a31cd665a146155607733e01890e10a16a0e244aec69cc8b586acafb765ccb
69_MEDICATION_PARSER_VALIDATION.md,69_MEDICATION_PARSER_VALIDATION.md,1.0.0,final,frozen,parser validation 1,,,14eb78c448994d99d0a11188b841a8f88b12e53639f013676bc0fc8a1499b0dd
70_MEDICATION_PARSER_VERSION.txt,70_MEDICATION_PARSER_VERSION.txt,1.0.0,final,frozen,parser version 1,,94_MEDICATION_PARSER_FINAL_VERSION.txt,4d8a0b436c23429f94b9ad818c5157a3376121ebe56e37fbc4c12cfd6db5d9c7
72_PREDICTION_OBSERVABILITY_FINAL.csv,72_PREDICTION_OBSERVABILITY_FINAL.csv,,final,frozen,observability,,,54ab3c1ac426bed3931ef55e8671a1fef1294806df4902527f07a0828cfe445c
73_PREANALYSIS_POWER_ASSESSMENT.md,73_PREANALYSIS_POWER_ASSESSMENT.md,,final,frozen,power assessment,,,9761aaed9ebf9cb1536585767d46d3777a6304b94664e3f807ecec5a01801940
74_REPEATED_WAVE_FREEZE.md,74_REPEATED_WAVE_FREEZE.md,,final,frozen,wave structure,,,e52d5a82a296569af7711406e120bb01d4eb87fd4079e818e9c490986e04636c
75_CLAIMS_SUBCOHORT_FINAL_AUDIT.md,75_CLAIMS_SUBCOHORT_FINAL_AUDIT.md,,final,frozen,claims audit,,,0bc28092a5d73026331446d289fa7e9b40c45ba870e72c59a9a2b3e5da971091
76_INDICATION_CONFOUNDING_FINAL.csv,76_INDICATION_CONFOUNDING_FINAL.csv,,final,frozen,indication confounding,,,6a5fad885ad25449f972db4a7b4a5bc8cebf39c76c3a87c02eb26d25f4702db1
78_OUTCOME_TERMINOLOGY_FREEZE.md,78_OUTCOME_TERMINOLOGY_FREEZE.md,,final,frozen,terminology,,,c41f968c20b43178298a22f5cadd579d7f1d880d949c88351b51299e964a93b8
79_NEGATIVE_CONTROL_FINAL.csv,79_NEGATIVE_CONTROL_FINAL.csv,,final,frozen,negative controls (final),26_NEGATIVE_CONTROLS.csv,,b16a2806e685015a80a8d2cf4f40a5a3684a0f28a5cfcb0cdae6d8d413c295a8
80_MECHANISTIC_GRADIENT_FINAL.md,80_MECHANISTIC_GRADIENT_FINAL.md,,final,frozen,mechanistic gradient,,,ce786095428b05989f3a64baa80b821da92a29559ee1fc7f2d8af2c508d2dc7f
81_CALIBRATION_FINAL_LOCK.md,81_CALIBRATION_FINAL_LOCK.md,,final,frozen,calibration lock,,,e79494bb210d45107964964a8373b89a11598ab1160c9eba13109df34fd016ed
82_MULTIPLE_TESTING_FINAL.md,82_MULTIPLE_TESTING_FINAL.md,,final,frozen,multiplicity plan,,,d81dbe29277639096fe3f0555473766865e985f646904f33a3877e885f62db2a
83_PRIMARY_SAP_FINAL.md,83_PRIMARY_SAP_FINAL.md,,final,frozen,primary SAP,,,eb586e61abbed0c6e58f768264533b304c563124a42b6c8393068fc0d8a5adeb
84_SENSITIVITY_FREEZE_FINAL.md,84_SENSITIVITY_FREEZE_FINAL.md,,final,frozen,sensitivity,,,1038fe6e85eadfef38c6628f768cc0f059c7cf97f35ea090c986d5f550509d90
85_INTERPRETATION_MATRIX_FINAL.md,85_INTERPRETATION_MATRIX_FINAL.md,,final,frozen,interpretation matrix,,,f5bca9ba7516d11f48dea41b6415c232cb549e86c834b363b01c31b8f78e67c3
86_JOURNAL_DECISION_TREE_FINAL.md,86_JOURNAL_DECISION_TREE_FINAL.md,,final,frozen,journal tree,,,d592caa444f635738771a11559af02f4059e7fd4185b4258750e26df58bc781d
87_ANALYSIS_AUTHORIZATION_MATRIX.csv,87_ANALYSIS_AUTHORIZATION_MATRIX.csv,,final,frozen,authorization matrix,,,2a91e320fb00086f7872de4379d69f3b7821622cef405b4e218a762b24577249
88_AMENDMENT_POLICY_FINAL.md,88_AMENDMENT_POLICY_FINAL.md,,final,frozen,amendment policy,,,50519fb1c3062e9a69ea57a5fcc18753c699b6a5528412c6b210ff43f2ca5f25
89_FINAL_OPENING_DECISION.md,89_FINAL_OPENING_DECISION.md,,final,frozen,opening decision v1 (superseded),,98_FINAL_OPENING_DECISION_V2.md,3c711194d45cfe64911ac7a0c15bc35eacda7c76e802f5f4847e7f91056e3f3f
90_PRIMARY_VALIDATION_HANDOFF.md,90_PRIMARY_VALIDATION_HANDOFF.md,,final,frozen,handoff v1 (superseded),,99_PRIMARY_VALIDATION_HANDOFF_V2.md,72b4ebae7d7a1918dbab8a0bafcfa0b30e1faafc7abe318bec71004a85a087d7
91_P01_P10_SEPARATION_AMENDMENT.md,91_P01_P10_SEPARATION_AMENDMENT.md,,final,frozen,P01/P10 separation,,,4023dd280c22442078ddf92194054e8d4c8c0e3023da1fe1253bf87bd41fa907
92_TOMMO_REALSTRING_PARSER_VALIDATION.md,92_TOMMO_REALSTRING_PARSER_VALIDATION.md,1.0.0,final,frozen,parser gate protocol,,,4bfeccab2314d57e40a9647afef5c34eef500b0974444039e39e91b1c73e3850
93_TOMMO_REALSTRING_QC_SAMPLE.csv,93_TOMMO_REALSTRING_QC_SAMPLE.csv,,final,frozen,real-string sample template,,,a41f8654f99dbbe2de6703c565a26c8ca31e9cf81231456f4e1b242041a367b2
94_MEDICATION_PARSER_FINAL_VERSION.txt,94_MEDICATION_PARSER_FINAL_VERSION.txt,1.0.0,final,frozen,parser version (current),70_MEDICATION_PARSER_VERSION.txt,,a25c04fc2078786547624d4149fc54e6ea2db4a7471319bac17e14228206a954
95_FORMAL_GRADIENT_AMENDMENT.md,95_FORMAL_GRADIENT_AMENDMENT.md,,final,frozen,formal gradient test,,,b02eed75ebdba29850122b69a0528fd3f2c7e51ccb8aa62737a25543fb7f59a0
96_CONTINUOUS_CALIBRATION_AMENDMENT.md,96_CONTINUOUS_CALIBRATION_AMENDMENT.md,,final,frozen,continuous calibration,,,e315799dae8bacb835fb2f1c7ca0a578dc8b001b1c45044a99575e2e842f59d1
97_PREOPENING_AMENDMENT_MANIFEST.md,97_PREOPENING_AMENDMENT_MANIFEST.md,,final,frozen,amendment manifest,,,f5d523724c1e9f0556e700ee7760b67a0655e50371cfafccbc01830e14304b6a
98_FINAL_OPENING_DECISION_V2.md,98_FINAL_OPENING_DECISION_V2.md,v2,final,frozen,opening decision v2 (current),89_FINAL_OPENING_DECISION.md,,9981c712d9a4d169bdf6dae860bd707ac26b0b45afb1a9e11297512b56f4e63a
99_PRIMARY_VALIDATION_HANDOFF_V2.md,99_PRIMARY_VALIDATION_HANDOFF_V2.md,v2,final,frozen,handoff v2 (current),90_PRIMARY_VALIDATION_HANDOFF.md,,78049ed99a512bbe69258befed457cda05037d4009de22bfab88254866c69142
LOCK_STATUS.md,LOCK_STATUS.md,,active,editable,lock status,,,6d0bbdf56e9a1970becff50cf22bd704f99ba0dfb89989fb61eb7821c3bdc1ba
Makefile,Makefile,,active,editable,build,,,08ccdb206aa90dd2b7ddeaec73196902974f342b8e22d8e169f89ede886b40b0
README.md,README.md,,active,editable,project readme,,,f22e52f0ffb4be46c94d8995fc13112b32f7efc593951df482514083c7692fe2
README_HANDOFF.md,README_HANDOFF.md,,active,editable,handoff readme,,,7bd59cd066dc10a0f41912f335a9060d805d5a52cdd2a4b09fde24f46e9ba46b
preopening_lock_60-90.zip,preopening_lock_60-90.zip,,final,frozen,lock-layer archive,,,3ffa7bae46c15f76c276ee6f8154908dba6a6a81064a1ffab3cdb51557767cb0
README.md,71_MEDICATION_PARSER/README.md,,active,editable,parser README,,,4f6d9c45fa09bfb3f63b58439bccbc24eab2cc33ff8b717e74bbca796528abad
gold_corpus.csv,71_MEDICATION_PARSER/gold_corpus.csv,,final,frozen,parser gold corpus,,,52b0bd9d58698cb6e9870bc5cbcfe72af2d401c4237e6c3e16963f3d51dfccf3
medication_parser.py,71_MEDICATION_PARSER/medication_parser.py,1.0.0,final,frozen,frozen parser code,,,c722341a04419e32b8e999411d5fb4977e809fbbc3038ad519481676a5fa99de
validation_output.csv,71_MEDICATION_PARSER/validation_output.csv,,final,frozen,parser validation output,,,c71de82f1061f6992978fc8e015fc620cff4e130539296f075f54841325aea35
01_PROTOCOL_FREEZE.md,docs/01_PROTOCOL_FREEZE.md,,final,frozen,protocol freeze,,,0853180b06b782fa41183ca98df700b2be539640504c31efbad96102c927091e
16_NATURE_CLAIM_AUDIT.md,docs/16_NATURE_CLAIM_AUDIT.md,,final,frozen,claim audit,,,9feff92cf873b74cada21c97ddb69009518e570c5c372d39fc91d17052b40690
17_GO_NOGO_DECISION.md,docs/17_GO_NOGO_DECISION.md,,final,frozen,stage-0-2 GO decision,,,589196b1e1a2c34074086b22b855992a71d423c2f7dc4c61dec049a172775a0e
27_TOMMO_PUBLIC_VARIABLE_AUDIT.md,docs/27_TOMMO_PUBLIC_VARIABLE_AUDIT.md,,final,frozen,ToMMo public audit,,,82232af5de21c2e46a6883720891d805a0421837f05efeab7388c8101eb30d34
30_TOMMO_SENSORY_SUBCOHORT_AUDIT.md,docs/30_TOMMO_SENSORY_SUBCOHORT_AUDIT.md,,final,frozen,sensory subcohort audit,,,cb977024269fa573db5fd07d77d7594606ed08a4f8f55d576146ea7a0a9e8f09
README.md,77_PRIMARY_DAGS/README.md,,active,editable,primary DAGs,,,5d0c18e0d40c5decdc0f0905ea3dc83aa8e771b88e9d586689bad2f4e28e0c4b
