variant_id,level,gene,rsids,effect_allele,coding,predictions,families,if_directly_available,fallback_rule,status_at_freeze
TAS2R38_PAV,A,TAS2R38,rs713598;rs1726866;rs10246939,G;G;C,additive haplotype,P01;P02;P03;P04;P07;P12,C;C2;A;AS,DIRECTLY TESTABLE,if haplotype SNPs unavailable/fail QC: rs713598 (A49P proxy) -> TESTABLE WITH PRE-SPECIFIED PROXY,determined at receipt (deterministic)
TAS2R9_V187A,A,TAS2R9,rs3741845,G,additive snp,P05,C;C2;A,DIRECTLY TESTABLE,if absent/fail QC: within-sample proxy r2>=0.8 within ±250000 bp -> TESTABLE WITH PRE-SPECIFIED PROXY; else other QC-passing SNPs in TAS2R9 -> GENE-LEVEL SECONDARY ONLY; else UNTESTABLE,determined at receipt (deterministic)
TAS1R2_rs12033832,A,TAS1R2,rs12033832,G,additive snp,P08,C;C2;AS,DIRECTLY TESTABLE,if absent/fail QC: within-sample proxy r2>=0.9 within ±250000 bp -> TESTABLE WITH PRE-SPECIFIED PROXY; else other QC-passing SNPs in TAS1R2 -> GENE-LEVEL SECONDARY ONLY; else UNTESTABLE,determined at receipt (deterministic)
TAS1R1_levelB,B,TAS1R1,all delivered QC-passing SNPs in gene region (approved_gene_regions.csv),minor allele,additive,,B,GENE-LEVEL SECONDARY ONLY,none delivered -> not analysed,secondary; never promoted to confirmatory
TAS1R2_levelB,B,TAS1R2,all delivered QC-passing SNPs in gene region (approved_gene_regions.csv),minor allele,additive,,B,GENE-LEVEL SECONDARY ONLY,none delivered -> not analysed,secondary; never promoted to confirmatory
TAS1R3_levelB,B,TAS1R3,all delivered QC-passing SNPs in gene region (approved_gene_regions.csv),minor allele,additive,,B,GENE-LEVEL SECONDARY ONLY,none delivered -> not analysed,secondary; never promoted to confirmatory
TAS2R8_levelB,B,TAS2R8,all delivered QC-passing SNPs in gene region (approved_gene_regions.csv),minor allele,additive,,B,GENE-LEVEL SECONDARY ONLY,none delivered -> not analysed,secondary; never promoted to confirmatory
TAS2R9_levelB,B,TAS2R9,all delivered QC-passing SNPs in gene region (approved_gene_regions.csv),minor allele,additive,,B,GENE-LEVEL SECONDARY ONLY,none delivered -> not analysed,secondary; never promoted to confirmatory
TAS2R10_levelB,B,TAS2R10,all delivered QC-passing SNPs in gene region (approved_gene_regions.csv),minor allele,additive,,B,GENE-LEVEL SECONDARY ONLY,none delivered -> not analysed,secondary; never promoted to confirmatory
TAS2R14_levelB,B,TAS2R14,all delivered QC-passing SNPs in gene region (approved_gene_regions.csv),minor allele,additive,,B,GENE-LEVEL SECONDARY ONLY,none delivered -> not analysed,secondary; never promoted to confirmatory
TAS2R16_levelB,B,TAS2R16,all delivered QC-passing SNPs in gene region (approved_gene_regions.csv),minor allele,additive,,B,GENE-LEVEL SECONDARY ONLY,none delivered -> not analysed,secondary; never promoted to confirmatory
TAS2R38_levelB,B,TAS2R38,all delivered QC-passing SNPs in gene region (approved_gene_regions.csv),minor allele,additive,,B,GENE-LEVEL SECONDARY ONLY,none delivered -> not analysed,secondary; never promoted to confirmatory
TAS2R46_levelB,B,TAS2R46,all delivered QC-passing SNPs in gene region (approved_gene_regions.csv),minor allele,additive,,B,GENE-LEVEL SECONDARY ONLY,none delivered -> not analysed,secondary; never promoted to confirmatory
SCNN1A_levelB,B,SCNN1A,all delivered QC-passing SNPs in gene region (approved_gene_regions.csv),minor allele,additive,,B,GENE-LEVEL SECONDARY ONLY,none delivered -> not analysed,secondary; never promoted to confirmatory
SCNN1B_levelB,B,SCNN1B,all delivered QC-passing SNPs in gene region (approved_gene_regions.csv),minor allele,additive,,B,GENE-LEVEL SECONDARY ONLY,none delivered -> not analysed,secondary; never promoted to confirmatory
SCNN1G_levelB,B,SCNN1G,all delivered QC-passing SNPs in gene region (approved_gene_regions.csv),minor allele,additive,,B,GENE-LEVEL SECONDARY ONLY,none delivered -> not analysed,secondary; never promoted to confirmatory
SCNN1D_levelB,B,SCNN1D,all delivered QC-passing SNPs in gene region (approved_gene_regions.csv),minor allele,additive,,B,GENE-LEVEL SECONDARY ONLY,none delivered -> not analysed,secondary; never promoted to confirmatory
OTOP1_levelB,B,OTOP1,all delivered QC-passing SNPs in gene region (approved_gene_regions.csv),minor allele,additive,,B,GENE-LEVEL SECONDARY ONLY,none delivered -> not analysed,secondary; never promoted to confirmatory
GNAT3_levelB,B,GNAT3,all delivered QC-passing SNPs in gene region (approved_gene_regions.csv),minor allele,additive,,B,GENE-LEVEL SECONDARY ONLY,none delivered -> not analysed,secondary; never promoted to confirmatory
GNG13_levelB,B,GNG13,all delivered QC-passing SNPs in gene region (approved_gene_regions.csv),minor allele,additive,,B,GENE-LEVEL SECONDARY ONLY,none delivered -> not analysed,secondary; never promoted to confirmatory
PLCB2_levelB,B,PLCB2,all delivered QC-passing SNPs in gene region (approved_gene_regions.csv),minor allele,additive,,B,GENE-LEVEL SECONDARY ONLY,none delivered -> not analysed,secondary; never promoted to confirmatory
ITPR3_levelB,B,ITPR3,all delivered QC-passing SNPs in gene region (approved_gene_regions.csv),minor allele,additive,,B,GENE-LEVEL SECONDARY ONLY,none delivered -> not analysed,secondary; never promoted to confirmatory
TRPM5_levelB,B,TRPM5,all delivered QC-passing SNPs in gene region (approved_gene_regions.csv),minor allele,additive,,B,GENE-LEVEL SECONDARY ONLY,none delivered -> not analysed,secondary; never promoted to confirmatory
TAS2R19_rs10772420,amendment-only,TAS2R19,rs10772420,,,P06,,REQUIRES PROTOCOL AMENDMENT,"outside approved 20-gene universe: retained, not analysed, not deleted",REQUIRES PROTOCOL AMENDMENT
TRPA1_rs11988795,amendment-only,TRPA1,rs11988795,,,P09;N11,,REQUIRES PROTOCOL AMENDMENT,"outside approved 20-gene universe: retained, not analysed, not deleted",REQUIRES PROTOCOL AMENDMENT
TAS2R4_unresolved,amendment-only,TAS2R4,,,,P10,,REQUIRES PROTOCOL AMENDMENT,"outside approved 20-gene universe: retained, not analysed, not deleted",REQUIRES PROTOCOL AMENDMENT
TAS2R43_46,amendment-only,TAS2R43,,,,P11,,REQUIRES PROTOCOL AMENDMENT,"outside approved 20-gene universe: retained, not analysed, not deleted",REQUIRES PROTOCOL AMENDMENT
