path,bytes,sha256,layer
03_STUDY_INVENTORY.csv,17809,f4016c05c1e3d7c9723870487747cfd6fd99f176baf45047c0697982714c3c3e,legacy frozen package
04_VARIANT_EVIDENCE.csv,13453,fb064134172a4be6de1afb4766bfae5ed69efc7b33d07fb3b1ad142f33dd0342,legacy frozen package
05_DRUG_SENSORY_EVIDENCE.csv,6323,7ed383420ebf853d3a3fbf3216bc4e7f1220fb17988f5c14054f69bab537f993,legacy frozen package
06_PLASTICITY_EVIDENCE.csv,6115,036573541300919d7e9bcb23cc0b575c659adca669262fa90a69003e8b848c93,legacy frozen package
07_EVIDENCE_GRAPH.csv,30639,33ff7d44981f8aecefcf392a4de3245e5bfdd557b60d7e486e553394dde743cb,legacy frozen package
08_EVIDENCE_GRAPH.json,77251,f05ef50192383b671ea04d8d213661cf5ef985dce886d7a251304844ec4afd69,legacy frozen package
09_META_ANALYSIS/README.md,854,6bd6f6abeb145a371ca8dc65caa43d4c6fa44d2bded1f288ef2c7abff76ab105,legacy frozen package
09_META_ANALYSIS/meta_results.json,570,fc8be5ddf2dbbd7a7b5ed296052af29742f45f34c4bde3c78054b460ed750a75,legacy frozen package
09_META_ANALYSIS/tas2r38_prop_meta_input.csv,315,9fc3beabc573d7d94522056c9319ca8324c25c12d29959a78fd440ad428fc2b2,legacy frozen package
11_RECEPTOR_DRUG_MATRIX.csv,158416,9c28a247be73565c6f57e9a900b5c404adf39113f14bdedbf841b933d4de5cfa,legacy frozen package
12_VARIANT_FUNCTION_MATRIX.csv,1831,253818d49da0407f71ef80986f43b600757e4ff89f544ecd5547180820223fe6,legacy frozen package
13_LOCKED_PREDICTIONS.csv,2212,39377a74ed03e5dc11b0518cf3ce3e7fdf4f94152ce5a7135ab14490f3fe643d,legacy frozen package
13_LOCKED_PREDICTIONS_v2_FINAL.csv,7524,e9e6479cbcbd22c1a9ccab48c3ea32b851269a58c5c90cd367c1305382e91093,legacy frozen package
13_LOCKED_PREDICTIONS_v2_PRELIMINARY.csv,7524,e9e6479cbcbd22c1a9ccab48c3ea32b851269a58c5c90cd367c1305382e91093,legacy frozen package
18_REFERENCES.bib,26586,5aaa617b9cfbc813f56b7a1af88cd519db023bb71ab86af3df7a3be1b6f0f8b1,legacy frozen package
21_PREDICTION_SCORING_RUBRIC.md,2698,65c1b6ff16e7928ba7fcb20503f5eda2cd2079d60e21dd7a6f76afebd8be3e37,legacy frozen package
22_PREDICTION_EXPANSION_SEARCH.md,2057,84cd27b4e0efeb0e8a439587a1bd21590a111a8efc6686e4e1dc80adcf4889ac,legacy frozen package
23_CANDIDATE_PREDICTIONS_ALL.csv,5015,bc2f31d22f463dab9b717e2c9f60bafe9a2aaf9694c91e100b37a9196bee9cde,legacy frozen package
24_PREDICTION_EVIDENCE_AUDIT.csv,1784,cb44bb610186b0d274f402289503afef98036628b9542473ea5995665e8e5f78,legacy frozen package
25_FORMULATION_ROUTE_CONTRASTS.csv,1096,7749efa702e46e941a77c3af0594c74ae705cdd0a3716f47a537499b05391321,legacy frozen package
26_NEGATIVE_CONTROLS.csv,1412,68ca0bed835ff64470ebb6bc0b9ce2092e1d5af67d0d80f03db31e78fcaad3ae,legacy frozen package
28_TOMMO_MEDICATION_VARIABLE_MATRIX.csv,2076,122705bfc0fd24f5b3a1e81a0e8f0c4418606127dc4e29662c403d6303134a7e,legacy frozen package
29_TOMMO_DIETARY_VARIABLE_MATRIX.csv,1090,3582b85be0a6332754f33a41501ca5051087142fbb8873c05ed243863e0ad988,legacy frozen package
31_TOMMO_PREDICTION_TESTABILITY_MATRIX.csv,4443,219cb4e8bb21a2cf3821d61e370354146c3e5bbcc8db000a6b81c364fc76bcab,legacy frozen package
32_PREDICTION_CALIBRATION_PLAN.md,1749,657ec39c22db7442196a842e161faf7113685a7f90aa40f85d668e968781b9d1,legacy frozen package
33_ALTERNATIVE_EXPLANATION_AUDIT.csv,3433,7f57df53ff7c24cb1237a0a273efb0b21a1cde8af7d814d9be01741907189a21,legacy frozen package
34_PRIMARY_VALIDATION_FREEZE.md,2426,df77290c0376e3b36b51846a3528baa80f7c6e525b72d50743293ef3cca3973c,legacy frozen package
35_NATURE_ROUTE_ASSESSMENT.md,1431,ef58145e584d8b5fa822166180f26626c435667dc34edc0c64e2244b5eee195d,legacy frozen package
36_GATE_DECISION.md,2426,461219e8599bf92c2ff6af531f60ae383329bd6955fc5ef815d3beec3ba9695d,legacy frozen package
60_PREOPENING_INPUT_MANIFEST.md,3018,f41ee8d6e8ed9cf15cab65a5b30b1040e8b68f11f427dd2529cbb85b44689ea7,legacy frozen package
61_PREOPENING_ERRATA.md,633,4454e5f57650cd220ce90ae3967f09cd0fe6b8181e7d75229b8b141a23f12bf5,legacy frozen package
62_PREDICTION_HIERARCHY_FREEZE.csv,4521,408f64bc339cd70fee17ab01345847e022c9fbccf472ec4899ec0c64fc70230b,legacy frozen package
63_GENOTYPE_IMPLEMENTATION_FINAL.csv,2059,5a2638567b78337babdde2e4957e9e3291d2a768fcd9e651f1ed95736c60ce70,legacy frozen package
64_GENOTYPE_PROXY_FREEZE.md,1460,bcf439e5bebae283d53d99ec480f5ee0a48052dd912c3fe7c0f47189b2b0ab9d,legacy frozen package
65_TAS2R38_HAPLOTYPE_FREEZE.md,1203,f5a75f54a2106f5e8d79001c12742b4044e2f2f426f2ef05ceb3bb75c0befcb2,legacy frozen package
66_FORMULATION_DICTIONARY_FINAL.csv,1759,d5a6dac9acffbb867ba963cac566a552b9d0ebac605f2eec4b942e146b25e4a7,legacy frozen package
67_ORAL_SENSORY_EXPOSURE_FREEZE.md,2576,eee95ac8c90e106c0a0c02d43e7ad92dfd660e9964446ca4367610c85d2e6794,legacy frozen package
68_TASTE_MASKING_FREEZE.csv,2167,35a31cd665a146155607733e01890e10a16a0e244aec69cc8b586acafb765ccb,legacy frozen package
69_MEDICATION_PARSER_VALIDATION.md,3051,14eb78c448994d99d0a11188b841a8f88b12e53639f013676bc0fc8a1499b0dd,legacy frozen package
70_MEDICATION_PARSER_VERSION.txt,256,4d8a0b436c23429f94b9ad818c5157a3376121ebe56e37fbc4c12cfd6db5d9c7,legacy frozen package
71_MEDICATION_PARSER/README.md,821,4f6d9c45fa09bfb3f63b58439bccbc24eab2cc33ff8b717e74bbca796528abad,legacy frozen package
71_MEDICATION_PARSER/gold_corpus.csv,11204,52b0bd9d58698cb6e9870bc5cbcfe72af2d401c4237e6c3e16963f3d51dfccf3,legacy frozen package
71_MEDICATION_PARSER/medication_parser.py,15243,c722341a04419e32b8e999411d5fb4977e809fbbc3038ad519481676a5fa99de,legacy frozen package
71_MEDICATION_PARSER/validation_output.csv,19030,c71de82f1061f6992978fc8e015fc620cff4e130539296f075f54841325aea35,legacy frozen package
72_PREDICTION_OBSERVABILITY_FINAL.csv,3717,54ab3c1ac426bed3931ef55e8671a1fef1294806df4902527f07a0828cfe445c,legacy frozen package
73_PREANALYSIS_POWER_ASSESSMENT.md,2368,9761aaed9ebf9cb1536585767d46d3777a6304b94664e3f807ecec5a01801940,legacy frozen package
74_REPEATED_WAVE_FREEZE.md,2233,e52d5a82a296569af7711406e120bb01d4eb87fd4079e818e9c490986e04636c,legacy frozen package
75_CLAIMS_SUBCOHORT_FINAL_AUDIT.md,2409,0bc28092a5d73026331446d289fa7e9b40c45ba870e72c59a9a2b3e5da971091,legacy frozen package
76_INDICATION_CONFOUNDING_FINAL.csv,2870,6a5fad885ad25449f972db4a7b4a5bc8cebf39c76c3a87c02eb26d25f4702db1,legacy frozen package
77_PRIMARY_DAGS/README.md,2478,5d0c18e0d40c5decdc0f0905ea3dc83aa8e771b88e9d586689bad2f4e28e0c4b,legacy frozen package
78_OUTCOME_TERMINOLOGY_FREEZE.md,1779,c41f968c20b43178298a22f5cadd579d7f1d880d949c88351b51299e964a93b8,legacy frozen package
79_NEGATIVE_CONTROL_FINAL.csv,1654,b16a2806e685015a80a8d2cf4f40a5a3684a0f28a5cfcb0cdae6d8d413c295a8,legacy frozen package
80_MECHANISTIC_GRADIENT_FINAL.md,2836,ce786095428b05989f3a64baa80b821da92a29559ee1fc7f2d8af2c508d2dc7f,legacy frozen package
81_CALIBRATION_FINAL_LOCK.md,1806,e79494bb210d45107964964a8373b89a11598ab1160c9eba13109df34fd016ed,legacy frozen package
82_MULTIPLE_TESTING_FINAL.md,1767,d81dbe29277639096fe3f0555473766865e985f646904f33a3877e885f62db2a,legacy frozen package
83_PRIMARY_SAP_FINAL.md,2633,eb586e61abbed0c6e58f768264533b304c563124a42b6c8393068fc0d8a5adeb,legacy frozen package
84_SENSITIVITY_FREEZE_FINAL.md,1564,1038fe6e85eadfef38c6628f768cc0f059c7cf97f35ea090c986d5f550509d90,legacy frozen package
85_INTERPRETATION_MATRIX_FINAL.md,2270,f5bca9ba7516d11f48dea41b6415c232cb549e86c834b363b01c31b8f78e67c3,legacy frozen package
86_JOURNAL_DECISION_TREE_FINAL.md,2110,d592caa444f635738771a11559af02f4059e7fd4185b4258750e26df58bc781d,legacy frozen package
87_ANALYSIS_AUTHORIZATION_MATRIX.csv,2175,2a91e320fb00086f7872de4379d69f3b7821622cef405b4e218a762b24577249,legacy frozen package
88_AMENDMENT_POLICY_FINAL.md,1688,50519fb1c3062e9a69ea57a5fcc18753c699b6a5528412c6b210ff43f2ca5f25,legacy frozen package
89_FINAL_OPENING_DECISION.md,2651,3c711194d45cfe64911ac7a0c15bc35eacda7c76e802f5f4847e7f91056e3f3f,legacy frozen package
90_PRIMARY_VALIDATION_HANDOFF.md,1892,72b4ebae7d7a1918dbab8a0bafcfa0b30e1faafc7abe318bec71004a85a087d7,legacy frozen package
91_P01_P10_SEPARATION_AMENDMENT.md,2009,4023dd280c22442078ddf92194054e8d4c8c0e3023da1fe1253bf87bd41fa907,legacy frozen package
92_TOMMO_REALSTRING_PARSER_VALIDATION.md,2558,4bfeccab2314d57e40a9647afef5c34eef500b0974444039e39e91b1c73e3850,legacy frozen package
93_TOMMO_REALSTRING_QC_SAMPLE.csv,334,a41f8654f99dbbe2de6703c565a26c8ca31e9cf81231456f4e1b242041a367b2,legacy frozen package
94_MEDICATION_PARSER_FINAL_VERSION.txt,331,a25c04fc2078786547624d4149fc54e6ea2db4a7471319bac17e14228206a954,legacy frozen package
95_FORMAL_GRADIENT_AMENDMENT.md,1626,b02eed75ebdba29850122b69a0528fd3f2c7e51ccb8aa62737a25543fb7f59a0,legacy frozen package
96_CONTINUOUS_CALIBRATION_AMENDMENT.md,1535,e315799dae8bacb835fb2f1c7ca0a578dc8b001b1c45044a99575e2e842f59d1,legacy frozen package
97_PREOPENING_AMENDMENT_MANIFEST.md,1596,f5d523724c1e9f0556e700ee7760b67a0655e50371cfafccbc01830e14304b6a,legacy frozen package
98_FINAL_OPENING_DECISION_V2.md,2521,9981c712d9a4d169bdf6dae860bd707ac26b0b45afb1a9e11297512b56f4e63a,legacy frozen package
99_PRIMARY_VALIDATION_HANDOFF_V2.md,2139,78049ed99a512bbe69258befed457cda05037d4009de22bfab88254866c69142,legacy frozen package
DRY_REPRODUCTION_AUDIT.md,26691,8dea1036145b2d282c12ee1b7e163cf4c8a492f77bb8ecbc38f6f6922b599683,reconciliation/dry-reproduction
HANDOFF_MANIFEST.csv,13048,4d1737c6b2af73a271aff8e4156242f1297c78ba8bf9bff6af539648813ec43d,legacy frozen package
LOCK_STATUS.md,2411,6d0bbdf56e9a1970becff50cf22bd704f99ba0dfb89989fb61eb7821c3bdc1ba,legacy frozen package
Makefile,443,08ccdb206aa90dd2b7ddeaec73196902974f342b8e22d8e169f89ede886b40b0,legacy frozen package
PROTOCOL_DISTRIBUTION_FREEZE_RECONCILIATION.md,41152,87e45feb2a4a3948ea433eb2487306b2b2c46d2be59874283450e387ce81cbe9,reconciliation/dry-reproduction
README.md,1740,f22e52f0ffb4be46c94d8995fc13112b32f7efc593951df482514083c7692fe2,legacy frozen package
README_HANDOFF.md,3636,7bd59cd066dc10a0f41912f335a9060d805d5a52cdd2a4b09fde24f46e9ba46b,legacy frozen package
docs/01_PROTOCOL_FREEZE.md,5848,0853180b06b782fa41183ca98df700b2be539640504c31efbad96102c927091e,legacy frozen package
docs/02_SEARCH_STRATEGY.md,3013,4a0b87e7b0d45df660b921adadb8e62f48f85e539bd9a84ef04111f61bb74140,legacy frozen package
docs/14_TOMMO_FUTURE_VALIDATION_PLAN.md,2821,f4f48fa700654d642dd1a85f01d3627aa53157045473b602db01a7dec32aae22,legacy frozen package
docs/15_INTERVENTION_FUTURE_PLAN.md,1740,94fe655a921af472fbb4145739f11db264d190f7ab58d83650c8814d6ed72b09,legacy frozen package
docs/16_NATURE_CLAIM_AUDIT.md,2791,9feff92cf873b74cada21c97ddb69009518e570c5c372d39fc91d17052b40690,legacy frozen package
docs/17_GO_NOGO_DECISION.md,4853,589196b1e1a2c34074086b22b855992a71d423c2f7dc4c61dec049a172775a0e,legacy frozen package
docs/19_DATA_PROVENANCE.md,2245,964297d24b7d5618011ec8d13bf992e8494172dd9a7ba220055277d582ec3af0,legacy frozen package
docs/20_FINAL_HANDOFF.md,2509,f34f14b6cbea31ad325329ee41247a3bb133151a50d75bf4e21109f8b5ccdc27,legacy frozen package
docs/27_TOMMO_PUBLIC_VARIABLE_AUDIT.md,3358,82232af5de21c2e46a6883720891d805a0421837f05efeab7388c8101eb30d34,legacy frozen package
docs/30_TOMMO_SENSORY_SUBCOHORT_AUDIT.md,1167,cb977024269fa573db5fd07d77d7594606ed08a4f8f55d576146ea7a0a9e8f09,legacy frozen package
docs/EVIDENCE_GRAPH_SUMMARY.md,2065,f229c7e17f8ce861f5975e04d9103fad759a4f3089b98efece5012762f5770c7,legacy frozen package
dry_reproduction/DRY_REPRODUCTION_AUDIT.template.md,10877,7c15f822875fb70efae403f939344d7e249d398c705192159c4e3cdbfd10aca7,reconciliation/dry-reproduction
dry_reproduction/persist_live_snapshot.py,4089,8a13f11df23f60061a675bc9c333aca469f83ddbe559b20627968cf3f300c564,reconciliation/dry-reproduction
dry_reproduction/results/dry_reproduction_checks.csv,13454,37d5357561c02d298e2c8fbf0633cf8d514dfe47193aa49ea50d10f26636a3ee,reconciliation/dry-reproduction
dry_reproduction/results/file_comparison.csv,276,39a33249a14f4278d53c09bae8473e07bc92ad006d16fb7347426c4874e077da,reconciliation/dry-reproduction
dry_reproduction/results/summary.json,5969,b02f9b8a21fcc0c08f5afcda88a9523f3789b70fd92ff3422afff580af07e3e7,reconciliation/dry-reproduction
dry_reproduction/run_dry_reproduction_audit.py,44934,b0de27f616201b7456735d26ec9fa77df36466f74db682547ed302b49fa13ae6,reconciliation/dry-reproduction
evidence/evolution_evidence.csv,2471,a232a9d4598e7bb9958d9c67036752993728a7cac9251e4ea2019226e070f5f5,legacy frozen package
evidence/extraoral_evidence.csv,2146,bd7f8204c6c38c4540d3a8fe7ad74b627024fcc0fa076a70f2d44ac215e7e22c,legacy frozen package
evidence/sensory_behavior_evidence.csv,4351,bed142ae0dac7ffe32dff20d0f26962adc0f43ea7b8e376005c768c29407628b,legacy frozen package
figures/fig1_conceptual.png,107718,837de8d4c5712b99bf9b2267bdef9f265e5124bc58b96e6824c70e194de378cb,legacy frozen package
figures/fig2_genotype_s1.png,85798,1d5c7c679ded2077977e69ebfd43e6b157bd439ae7ff9513a82c465a2fad2623,legacy frozen package
figures/fig3_drug_space_matrix.png,118787,45691f404e42d5f651b29612650cfac8b0667fcb2c2ddf38ffd97c7f425263e3,legacy frozen package
figures/fig4_locked_predictions.png,125273,a3245b94de4f827511820f6c241f4f046841504fdc067923941d9f85d8456f89,legacy frozen package
figures/fig5_plasticity.png,158358,510395852478e58a10e73a08db25b812f5a81e8cf733ece82435eca276fbcc76,legacy frozen package
figures/fig6_future_validation.png,105881,754fb81fdb16106dc229a5a8ff7041ad50b35b4fa44947207c8e5e255906462c,legacy frozen package
figures/fig7_future_trial.png,101972,3f36b4fe1b99dcf52870041e1fbb4ad93b92f6d99ed877587e594466767eb40d,legacy frozen package
pre_receipt_freeze/docs/01_APPROVED_PROTOCOL_SCOPE.md,3418,1a7ed73d825dd446d380fcad58126afe070a33ee38cc3f464ad3863cd55c2b11,pre-receipt freeze
pre_receipt_freeze/docs/02_ACTUAL_DISTRIBUTION_SCOPE.md,2453,1df81ba5041fe99192f12d206fe6b768c3e32e3c7fe7139c45dc8346ac0966d0,pre-receipt freeze
pre_receipt_freeze/docs/03_THEORY_TO_PROTOCOL_MAP.csv,1282,4568795146a43ac92627519e37cbea526279b4392adc2a913b9518d09a5e3a9c,pre-receipt freeze
pre_receipt_freeze/docs/04_GATE_HISTORY_AND_LOCKS.md,2584,cbc912d3f3878a756bebaebace6e27bf4dfe1eac3393a28d46a601c3fb232ffb,pre-receipt freeze
pre_receipt_freeze/docs/05_SNP_ANALYSIS_HIERARCHY.csv,6121,5618fa0a01cc16aeb570a19a3c52f83d06fd8325791573bfa576db11df751fca,pre-receipt freeze
pre_receipt_freeze/docs/06_MEDICATION_LONGITUDINAL_ENDPOINT_FREEZE.md,3499,0cb67bbd533df09eaf159964933fa0f0813f06428de1ce5f7e391df0cb8a48d0,pre-receipt freeze
pre_receipt_freeze/docs/07_DOSE_HARMONIZATION_RULES.md,2093,97cf35717da30a932ebc3df1951c5d4408c07dbae6a67de433b24060fc08db59,pre-receipt freeze
pre_receipt_freeze/docs/08_DRUG_CLASS_MAPPING_RULES.md,2649,84b93e7746097aecbefe3db35a9f2de7c6d653c333d308918ac50beef0ab28c6,pre-receipt freeze
pre_receipt_freeze/docs/09_CHEMOSENSORY_FFQ_LOCK.csv,3314,68459b42314a87160ed03ea561132a2b60888e9389fa54f18e142e1aa03adc72,pre-receipt freeze
pre_receipt_freeze/docs/10_NEGATIVE_CONTROL_FINAL.md,2211,07cf53670c8b7b6511c637420d5b4cffc7a3f44fd56d9f3fe006003f7a54c926,pre-receipt freeze
pre_receipt_freeze/docs/11_FORMULATION_MODULE_FREEZE.md,2587,e76b340b1f8988820c3e4df9bfba82aaeb221d1ed967ec17cac4c92bf370f2d6,pre-receipt freeze
pre_receipt_freeze/docs/12_CALIBRATION_FINAL.md,807,ce9e07bf8ab1869c18280cc07445e737968eb531aac961ca1c1cacacb67ac110,pre-receipt freeze
pre_receipt_freeze/docs/13_MULTIPLE_TESTING_FINAL.md,1632,1068392da59f9fbe32881274de5af3436f3340c8d10679cd0c04ec225ab59778,pre-receipt freeze
pre_receipt_freeze/docs/14_CONFIRMATORY_SAP_PRE_RECEIPT.md,3601,609cf6849bbe5be66c55f8aa757f04467ad52b8c39395cc05226d2af95ea6c0a,pre-receipt freeze
pre_receipt_freeze/docs/15_ML_SECONDARY_PLAN.md,666,15dcc526ab6bd4cc9d1e142faf3bccc73fde1f993042afd8bcdf690236206cc3,pre-receipt freeze
pre_receipt_freeze/docs/16_PRE_POST_RECEIPT_DECISION_BOUNDARY.md,1365,834468044199bf227f1c0f652c75bbc4b6a875f1ebffc3e7ed60e69e3dd369f5,pre-receipt freeze
pre_receipt_freeze/docs/17_SYNTHETIC_PIPELINE_VALIDATION.md,3345,9ad2d3e88a3c9ebdc613fd5cf0b2d0b7dca43df1133ab41dfedd90ea81b9286f,pre-receipt freeze
pre_receipt_freeze/docs/20_REGISTRATION_CONTENT_PLAN.md,1337,6e0d1cfef4005a2131d3bd187adac0edad630f146d3a970efa7359b48e0e0561,pre-receipt freeze
pre_receipt_freeze/docs/21_PUBLIC_REGISTRATION_SUMMARY.md,1980,e77b45df1b6fe7f8ace190cdc0ffb4639f7e7341a2f57b96fa6bd8990a01fc8b,pre-receipt freeze
pre_receipt_freeze/docs/22_RESTRICTED_SOURCE_HASH_INDEX.md,194920,d0d67a8f94914cca095e85d6f2c885715b63e7a0ea5885041bb0888a4ae2e3aa,pre-receipt freeze
pre_receipt_freeze/docs/23_DATA_RECEIPT_EVENT_LOG_TEMPLATE.md,1907,6f468fc7cb252875cac195d32e00bb54bfbe564dabcf92a6b101abff327f9390,pre-receipt freeze
pre_receipt_freeze/docs/24_AMENDMENT_POLICY.md,1312,8c0c2b3bc7c80aa1e944fa3dd70356e01725de1d2d8e6fa7a200d96fb7b0b0fa,pre-receipt freeze
pre_receipt_freeze/docs/25_MANUSCRIPT_ARCHITECTURE.md,1381,3ec915602681c0e69abc5d290b5fd1faf9b16591b58fe371aa4e1c3f710d95cf,pre-receipt freeze
pre_receipt_freeze/docs/26_NATURE_SUCCESS_CRITERIA.md,775,f55dde0452e4a7b17c964c955361361d3d17e543a329f405b58d64211c4b0919,pre-receipt freeze
pre_receipt_freeze/docs/27_FUTURE_INTERVENTION_MODEL.md,535,1fdb837ac6280cb4f1b71eb889e871a287eb3a907b5014d6144612ccc325c5e4,pre-receipt freeze
pre_receipt_freeze/docs/28_HEALTH_ECONOMIC_GLOBAL_HEALTH_MODEL.md,504,b81af6036e016b1dcad3e66f693e85a4de22c77e84001e9f42286136caba4e80,pre-receipt freeze
pre_receipt_freeze/docs/29_FINAL_PRE_RECEIPT_HANDOFF.md,2848,2d21d76a72592eaa17bc0f9645e21100b6f05a0d4d7aa9722818e6a3bde53551,pre-receipt freeze
pre_receipt_freeze/docs/AMENDMENT_LOG.md,5291,8788b7c5f90ebad174de6c485934bbfe3d0619bc157685809de053e558fdc810,pre-receipt freeze
pre_receipt_freeze/docs/COMPLETENESS_AUDIT.md,3468,3e1b25a673d0e43743e0834dc413d089c4b4f0f62632d058979f6e2c056a8cae,pre-receipt freeze
pre_receipt_freeze/docs/DECISION_LOG.md,4376,f40ef4e22419592e91cc5920cb82c5218784d2f13cb4078744b15f6bda3dfd6f,pre-receipt freeze
pre_receipt_freeze/docs/ENVIRONMENT.md,485,44a2b5b480fbb3a0ab227da6e701d787619e04ac7b8bf33eb01dd132c6607d06,pre-receipt freeze
pre_receipt_freeze/docs/FINAL_PRE_RECEIPT_PROTOCOL.md,2240,badfbdb1abdc97afad708ec39422c516d57b10c0e23f7dd47dbb7f140de3a501,pre-receipt freeze
pre_receipt_freeze/docs/INSTRUCTION_REGISTER.csv,25420,523c1aed5e34b6786aea595bc12aa68621368c03a1cbb987f1b35ecd639a9ffb,pre-receipt freeze
pre_receipt_freeze/offline_pipeline/chemotommo/01_inventory.py,851,50752856ddf72ead02216f913b318df198a7ae741641e64056e2e2292f6c67a8,pre-receipt freeze
pre_receipt_freeze/offline_pipeline/chemotommo/02_variable_mapping.py,2156,542a453450f7ae8c6ef861d176508ba54675fb2340d77aa985f9925fe301c1de,pre-receipt freeze
pre_receipt_freeze/offline_pipeline/chemotommo/03_snp_harmonization.py,10653,c4e9da82f13b7f3e06d3b3f585e9d2d9b9c2deaa58943201639adac49ca5b4eb,pre-receipt freeze
pre_receipt_freeze/offline_pipeline/chemotommo/04_medication_id_mapping.py,6924,6cffea65e5a487348011787a16efad59e6f34b03a1b593e14d2f57a8005da800,pre-receipt freeze
pre_receipt_freeze/offline_pipeline/chemotommo/05_medication_long_format.py,1361,617fad46acf6b474ec79861840da684089d8044520dbef7ecabd2ee4e56e14ee,pre-receipt freeze
pre_receipt_freeze/offline_pipeline/chemotommo/06_drug_class_mapping.py,1547,10d931462d80222f0187e8528622866c039a017df02019174db20705a7f5125a,pre-receipt freeze
pre_receipt_freeze/offline_pipeline/chemotommo/07_dose_harmonization.py,1756,d14abdf997dd47fb6baa8fac2caf7634fb37a0b470fa25e811f6348cddbb6e75,pre-receipt freeze
pre_receipt_freeze/offline_pipeline/chemotommo/08_cross_wave_medication_change.py,1446,55fff445ae9bc70ac5020798bdd604cbce189821864ba1485264f047c4e465d5,pre-receipt freeze
pre_receipt_freeze/offline_pipeline/chemotommo/09_ffq_phenotypes.py,1958,6d14e31b6e3bda977d1b3e7b50acbe97b2b2db509eddc25f2a0fce8066de8878,pre-receipt freeze
pre_receipt_freeze/offline_pipeline/chemotommo/10_covariates.py,2241,a4d9cb51b19fa7cf94a02e98c6893a8ca3e5797a39feda3c9cbc2cb41c4f68d9,pre-receipt freeze
pre_receipt_freeze/offline_pipeline/chemotommo/11_analysis_dataset.py,2584,2f07ef2d6ace893a030610690fa646b1af60c38c14293215919093eaa59e89fc,pre-receipt freeze
pre_receipt_freeze/offline_pipeline/chemotommo/12_primary_variant_models.py,810,f14bd69a4b81f13a1aecf3f08306b79df2a34e6a4849b0563da55f10fba7b3e2,pre-receipt freeze
pre_receipt_freeze/offline_pipeline/chemotommo/13_gene_constrained_secondary.py,983,969271890acb357be61ad5cecedf63f9404f106a91a1edf7b7cf6172c387544b,pre-receipt freeze
pre_receipt_freeze/offline_pipeline/chemotommo/14_medication_change_models.py,4792,45470c74389ff40906dac118c63f04554de8b70a10ae9770d0d3dff0765356d9,pre-receipt freeze
pre_receipt_freeze/offline_pipeline/chemotommo/15_formulation_module.py,5965,1c2f6ba3c9058cc4901d5a622f315b3b9d7645eb49ca8c37697785d957af128b,pre-receipt freeze
pre_receipt_freeze/offline_pipeline/chemotommo/16_negative_controls.py,1768,4d13e46156e39a1ffab676d27df580872ee1ffd5ecd45124da517dbcc01d4f74,pre-receipt freeze
pre_receipt_freeze/offline_pipeline/chemotommo/17_calibration.py,1432,d2c32a549ad170efb08ba6ed53602e40049086543b8b17ee7c67ff2e96396396,pre-receipt freeze
pre_receipt_freeze/offline_pipeline/chemotommo/18_machine_learning_secondary.py,3718,0087f23ba6c26858694e87717019c8588d9cc20207bc04a158fdb3f7d6b04f76,pre-receipt freeze
pre_receipt_freeze/offline_pipeline/chemotommo/19_sensitivity.py,6210,016915dd0a015b6a351a3954f0b8e340e047bfcd8b5cb6b446c2a7fc65ae4bf3,pre-receipt freeze
pre_receipt_freeze/offline_pipeline/chemotommo/20_tables.py,3347,eafa64b3cb80488452f3131f770002e5b2c83e6b04b36fa3e20139bbbb034048,pre-receipt freeze
pre_receipt_freeze/offline_pipeline/chemotommo/21_figures.py,1773,5bd738529fb13214bdfc4156225ea1752b84e00ffaf6e61fdc851a5766e7de48,pre-receipt freeze
pre_receipt_freeze/offline_pipeline/chemotommo/22_privacy_safe_export.py,2497,ab97d4639c057b6109d806df20a35bb7e137d3ff4e7ed15ef5bb4bff7f4ebffd,pre-receipt freeze
pre_receipt_freeze/offline_pipeline/chemotommo/__init__.py,126,9615e606e62b808177e0a8961f68168c222a3cc61047fc60fee7f98d1530e3bb,pre-receipt freeze
pre_receipt_freeze/offline_pipeline/chemotommo/_common.py,17916,0f2c144cc589a88f01c3ad7feba130c96b7e1ca392e0da18b487cc588d6cc638,pre-receipt freeze
pre_receipt_freeze/offline_pipeline/config/analysis_config.yaml,5205,7582a7ad79a0a00602eea85eef55ab760c46360a57ca4d2c9812e3f877d5f0cb,pre-receipt freeze
pre_receipt_freeze/offline_pipeline/config/derived/approved_gene_regions.csv,3044,e811861a426208ee22c72feae816b3e9ea935b9fa17866d6c089bdb2ea58e6a7,pre-receipt freeze
pre_receipt_freeze/offline_pipeline/config/derived/effect_alleles.csv,745,56a189c13c285c9c544300ea738e50ab8bd93db07efacbdafe5b7b6542c28ac8,pre-receipt freeze
pre_receipt_freeze/offline_pipeline/config/drug_dictionary.yaml,3809,540dbbdef8a143d2114b471692a1fed67b0c965ce79ef2525a50dd23d2cc491a,pre-receipt freeze
pre_receipt_freeze/offline_pipeline/config/ffq_lock.yaml,4164,6491a4c85f77e8a2a8e20277221e38b99fa7de4aec6cadbaed7bb4a34a54d7ab,pre-receipt freeze
pre_receipt_freeze/offline_pipeline/config/snp_map.yaml,1990,7e1c8c2b384e75a414ba50a33e503c97a43a08c0a155b66c445314577e8befdb,pre-receipt freeze
pre_receipt_freeze/offline_pipeline/config/variable_map.yaml,3401,140c29b3e1b5982cc44531ba9b16e943f4e22507d6561946d57a0bd29af9a8bf,pre-receipt freeze
pre_receipt_freeze/offline_pipeline/requirements.txt,144,d1d3780b3a052f04f847166316ad05f47a3a6d0308ae17cf18c78df0f0fe3b74,pre-receipt freeze
pre_receipt_freeze/offline_pipeline/run_pipeline.py,3431,b8c393bf466d0869f111bbfb5c19dafc62fb809f815a19ec23aec61d431ede7f,pre-receipt freeze
pre_receipt_freeze/offline_pipeline/synthetic/make_synthetic.py,12696,d1a9642e317aa231618994b7e3ca0c857c81fce49940a9164a2b1cbf20037d19,pre-receipt freeze
pre_receipt_freeze/offline_pipeline/tests/test_pipeline.py,9709,83021785c7e0b7150063c27c506da16249a65e542cb9829996c3e50c184553c7,pre-receipt freeze
pre_receipt_freeze/session_instructions/A1_assistant_clarification.txt,786,7bbd1c0cd2465942a3f9c35a7a55644ff2b5d6b9a6f24654581b21da5ba479ce,pre-receipt freeze
pre_receipt_freeze/session_instructions/MP_main_prompt.txt,27681,6a429512dc696d262f7868b89e00b1df9b5577c5b2e8326f87632a79dd23ce28,pre-receipt freeze
pre_receipt_freeze/session_instructions/U1_initial_instruction.txt,6176,32588f1c6a4f86dcb29aa6db5b309c800d1192c74a4dbc5c0fd5f21a592fafdb,pre-receipt freeze
pre_receipt_freeze/session_instructions/U2_dry_reproduction.txt,385,a5ac743c96956315ebc62d0d02304797509cf0d23c4dd17ecc4067f106d7f26f,pre-receipt freeze
pre_receipt_freeze/session_instructions/U3_consolidation.txt,692,3f96dfec9f5b6c9406523563c62ed8cb6e58658e951ce76dd5c4fc82f90c79d0,pre-receipt freeze
pre_receipt_freeze/synthetic_validation/PYTEST_SUMMARY.txt,31,98bc2df24bea2a93957fc3fea5a213b2d90d9a374b56a1a79f90246dc49c3480,pre-receipt freeze
pre_receipt_freeze/synthetic_validation/RUN_LEDGER.json,8401,df8808815631f44aed64080b0553e4b2ad8e16bceb27d1613036fb5f9ba7ed02,pre-receipt freeze
pre_receipt_freeze/synthetic_validation/export/01_inventory.csv,1474,8b78b9fe826034539e63dcd3250301f99a7e9ceaaf263caf518853144cda31b5,pre-receipt freeze
pre_receipt_freeze/synthetic_validation/export/02_variable_availability.csv,3935,a5f09f7b558ad7f8eea7a88f6245bd45e3ca7f9015a722a8c90df95d5899fc51,pre-receipt freeze
pre_receipt_freeze/synthetic_validation/export/03_level_b_snps.csv,51,9a3bd483084d234e538cbb1397a645f9b885e0f835b468805ed0b94d022b66cc,pre-receipt freeze
pre_receipt_freeze/synthetic_validation/export/03_snp_qc.csv,706,2158c1db78363080d44916d56edfb51b3181a796d511a060da83b8b1f0884781,pre-receipt freeze
pre_receipt_freeze/synthetic_validation/export/03_snp_status.csv,794,9f3feabfabd1d6897b2f0590e725ff7de19a47faeff2a884d530f8ac441b44c3,pre-receipt freeze
pre_receipt_freeze/synthetic_validation/export/04_id_resolution_qc.csv,246,e7a4bc04747c18d702b190bc8cd1057c7917999ff56640342818d308169932f7,pre-receipt freeze
pre_receipt_freeze/synthetic_validation/export/05_long_format_summary.csv,80,3f59340e5df3152f4949f319da678402aabc55230492ee4507efc46c75f19351,pre-receipt freeze
pre_receipt_freeze/synthetic_validation/export/06_ingredient_atc_map.csv,708,f73a4f6aee2861d862bb83b3a3b11b0878134a27348fcda0a898af14c569ed0d,pre-receipt freeze
pre_receipt_freeze/synthetic_validation/export/07_dose_harmonization_summary.csv,101,b69f5c4e5dea1fa6e4ac14f2cca14294c055f14aa3384d83881fd1a346171f94,pre-receipt freeze
pre_receipt_freeze/synthetic_validation/export/08_endpoint_counts.csv,249,e68d29be978bdbcce1144a87e05ff86aac51dae38cb80cca11cacbdf77dd464c,pre-receipt freeze
pre_receipt_freeze/synthetic_validation/export/09_ffq_availability.csv,231,2478ed12e542133ee0895f28c402651604924320898dc7cb729762d3c1866228,pre-receipt freeze
pre_receipt_freeze/synthetic_validation/export/10_covariate_missingness.csv,241,97c6df2a029df5a64f2ef75775429e97d7553702c4eda1929c283b684f8bc733,pre-receipt freeze
pre_receipt_freeze/synthetic_validation/export/11_analysis_set_lock.json,2014,6a8c78ec88259283e0f591ce9a92289438ad343b7a2a90e5cbe6a5846481fc19,pre-receipt freeze
pre_receipt_freeze/synthetic_validation/export/11_flow.csv,153,2eee67513cb53fbe6050c50c0d23491cd624dad29589823ade60b1632534b344,pre-receipt freeze
pre_receipt_freeze/synthetic_validation/export/12_family_A.csv,656,58590ad9b26bb8255312fc38ae6f31f77f04f7c2d9029142dbfffe165f4c4eb0,pre-receipt freeze
pre_receipt_freeze/synthetic_validation/export/12_family_AS.csv,1006,fb9b45d02e33f11ae82659197c5d891b45037d81f3a6fde7960169215fd99f90,pre-receipt freeze
pre_receipt_freeze/synthetic_validation/export/13_family_B.csv,808,1b194194f33d992b975a1f9b41a1756c610fae68ca40d598fecfd565ba8cdb49,pre-receipt freeze
pre_receipt_freeze/synthetic_validation/export/13_gene_summary.csv,143,e212e713ebcf720e141e00c6a995312d40c4a4c89e304ca5290afc667ce1781a,pre-receipt freeze
pre_receipt_freeze/synthetic_validation/export/14_family_C.csv,4467,3e8fd05f121da843f442e628b8eba91fb4c04628f9147d18e53c70ddcbdd37a6,pre-receipt freeze
pre_receipt_freeze/synthetic_validation/export/14_family_C2.csv,3231,30aa7a09c4bc7df3747c7df034efdfdea9f88a676e248f7617e0ae4ecdfb4dc9,pre-receipt freeze
pre_receipt_freeze/synthetic_validation/export/14_family_D.csv,3244,90238c0535eb900f34d4363f264de5a81b42d94c41418cb21e09c275b463890e,pre-receipt freeze
pre_receipt_freeze/synthetic_validation/export/14_secondary_models.csv,2680,2bd6b809b79828400d801a0297193b287cc08e738b7165ec2c731e5ac1e97787,pre-receipt freeze
pre_receipt_freeze/synthetic_validation/export/15_family_E.csv,802,087105e55702c14cdf413802947d2dcd40cc2a9c9ed2c5c1f3bf18e8432f4d80,pre-receipt freeze
pre_receipt_freeze/synthetic_validation/export/15_formulation_gate.json,118,8957aa227af6f3d31e96a16d2c873075cf4046a0ede03547e21b0dca371ab80e,pre-receipt freeze
pre_receipt_freeze/synthetic_validation/export/16_control_summary.csv,76,d8ee5befc1b6e058b298332ccc0bc0f81c014063778a00eedd1ca026cfede4ca,pre-receipt freeze
pre_receipt_freeze/synthetic_validation/export/16_family_F.csv,1637,e3b50f09dc4ce37c9b5863a2a9e1c0313e9a31e75f9acda8448bd7b4aa568837,pre-receipt freeze
pre_receipt_freeze/synthetic_validation/export/17_calibration.csv,120,b3daa37f275af13e949f9919b3efb8116a07228f53bd26cfa8eff6712d03e1a6,pre-receipt freeze
pre_receipt_freeze/synthetic_validation/export/17_calibration_points.csv,696,f3c4ea1f47def1f558d5801678eb3b71b12a940bff58535c19da7f40c35bcaeb,pre-receipt freeze
pre_receipt_freeze/synthetic_validation/export/18_ml.csv,682,68e669eed60f223b0bf307907f0c000dfb6c5529ec122bccaa2e39e15c4a6f91,pre-receipt freeze
pre_receipt_freeze/synthetic_validation/export/19_evalues.csv,2310,cf35c3b638e87fcd0b900e5d5ad5499d94ab0b58ffc77f76bd95b2a4f7f60a9a,pre-receipt freeze
pre_receipt_freeze/synthetic_validation/export/19_sensitivity.csv,44883,2611d01fe064c61480c44fd2dd0fc84555056a0a7154be123aa26ee2550ef1d6,pre-receipt freeze
pre_receipt_freeze/synthetic_validation/export/20_all_results.csv,14127,52552d86bb03dba1fc5ca6f53c650186f8268f9c57f17ab6ee24e31f99c1ee43,pre-receipt freeze
pre_receipt_freeze/synthetic_validation/export/20_family_denominators.csv,165,72b9ac8e45773de679e2ef7b913389e0f3c4266e038226a50d5cae28083bda3c,pre-receipt freeze
pre_receipt_freeze/synthetic_validation/export/20_interpretation.json,560,89f0f31a70d6ea84e3adf2d124c5e0c0f693647dcbcc4f0bff20b912529e4936,pre-receipt freeze
pre_receipt_freeze/synthetic_validation/export/21_12_family_A.png,19105,76dea3a683e6b24cc1033394b15c3a832ead15f1adc1f33df4742f03f812a87c,pre-receipt freeze
pre_receipt_freeze/synthetic_validation/export/21_12_family_AS.png,22102,16ea0fed36e863bff8bf8b13aee1c553dd134d2656d35dc1acfe3c69e01607ef,pre-receipt freeze
pre_receipt_freeze/synthetic_validation/export/21_14_family_C.png,176338,4935d641065c29b8cc6c049359106f17689ae63c27cae6e3ade3099e763a35c2,pre-receipt freeze
pre_receipt_freeze/synthetic_validation/export/21_calibration.png,27572,8db134155b52c82f19a6ab97628e8e11f43ab3367331b5b034a9ea9ee38cef27,pre-receipt freeze
pre_receipt_freeze/synthetic_validation/export/EXPORT_MANIFEST.csv,3440,ef41e838fae0c572e433a25f4a060c6a603a70413f2803b79cc976bce55130cf,pre-receipt freeze
pre_receipt_freeze/synthetic_validation/export/EXPORT_NOTE.json,96,32d484e3c0c1dbae043c2d7b68f2a836ab23c3a0567e1be83876c3a15671fa03,pre-receipt freeze
pre_receipt_freeze/synthetic_validation/fixed_case_endpoints.csv,736,b1b358fd633026b736618c49e57681bbecbe22303bcb6bf32077670522512837,pre-receipt freeze
pre_receipt_freeze/tools/acquire_atc_snapshot.py,1980,c48d82048cd4e4cedd79145f117374d52fed2dac761fe4ab724c93b958b26e8e,pre-receipt freeze
pre_receipt_freeze/tools/acquire_ensembl_snapshot.py,2843,744d0b1d426bf336dce675048e1c534753512e9bc2909bc0034e2b06873a6540,pre-receipt freeze
pre_receipt_freeze/tools/build_freeze_package.py,29732,6e208e0a97da0bfd88056eff5674d826555c2bcd69f55a5e21db4d6221f628c1,pre-receipt freeze
pre_receipt_freeze/tools/derive_snp_config.py,3932,bcf75437eece23d883c15ea47040eea4a3bea1b2d1fa5c3160b3eb45664cc574,pre-receipt freeze
pre_receipt_freeze/tools/instruction_register.py,23176,89a056e8f9fa5872cf88422374c104347de3fc970d3a12c7a8c23f8c66e87117,pre-receipt freeze
pre_receipt_freeze/tools/run_synthetic_validation.py,2388,89bab96650d549d12da279fb477e7b3ea9f62753ae23733f87b2d65cc3dc37a4,pre-receipt freeze
prediction/drug_chemical_space.csv,24978,66f8b203e616b9ae5514f93c62122a3f86d9866043f2738ea07b2417c1cb065c,legacy frozen package
prediction/drugs_oral_list.csv,9935,bb8e87175b7743554685a5f4de8646df468b5e0f6d74c3b0bc6342d6abf3e9a1,legacy frozen package
reconciliation/RECONCILIATION.template.md,8076,9d053dfc6a8d6e6d55c4f5948e977df0d01f5ecb6c8e078c395a9bc475fecb06,reconciliation/dry-reproduction
reconciliation/RECONCILIATION_CLASSIFICATION.csv,27679,b7743030c1b7b6aed696dd44d1b476e4d8ba122abffa99137f54a58552343516,reconciliation/dry-reproduction
reconciliation/build_reconciliation.py,35628,7a576a4857ea3850e9dd2cd79c76bae4e9a627660977a4abb5ed1963c41fdb68,reconciliation/dry-reproduction
reconciliation/distributed_scope.json,4230,b4d6a4ad3eb7274023a051e055bf629599e900816d8ce3009793e2f34ce8866c,reconciliation/dry-reproduction
scripts/01_pubmed_search.py,8164,509f4138cbb222ced4a40beafd2afba9ee25c5d1d0dcb48a00d73423d9224047,legacy frozen package
scripts/02_bitterdb_scrape.py,2579,a561487eae2861819c34ee8930eb7e9997eef2c33dda577151f7df44ad14f6eb,legacy frozen package
scripts/03_pubchem_drug_space.py,2660,8822bcd06469add224b1033dac3a6c1b941cb8dda5058f9ef6ebada35af227fe,legacy frozen package
scripts/04_curate_evidence.py,32398,3da8cce8eb48de5ac3710042df8fb7d8128673338430100cfb2c28235ffe4f36,legacy frozen package
scripts/05_evidence_graph.py,4638,d69528ee2859d3b26cad155bb5e2dc5cd6394e44bb3ec680b0d183df0a73e59e,legacy frozen package
scripts/06_meta_analysis.py,3382,b57958ab21ca01e88633b7070db4c09505bb38d42f982029d3e5cb00117db8c0,legacy frozen package
scripts/07_matrices_predictions.py,8631,d94b18dba21a73e480671000be66a0dcf7cc18ebb7858c111b20c1e761e101ee,legacy frozen package
scripts/08_figures.py,8064,a757c29a37dac898c72561e4ccc92f8b1454cde5ecaa93982fac4f7dbafaaf9f,legacy frozen package
scripts/09_expansion.py,21690,dcdc1cbbc3736c37dc540cfffed0560fbebcc99113826718aa27bec642c6c060,legacy frozen package
scripts/10_power_assessment.py,2457,cbf4933a0652f611d49fbf1342df6bea7893a5a652370cd6be44a0c474c26bce,legacy frozen package
tests/test_outputs.py,7484,3b0222c0110401e8b22e51cb88265ca69e76932f257de834dace0e097630014f,legacy frozen package
