instruction_id,chronology_seq,source_message,source_location,introduced,primary_category,additional_categories,scientifically_consequential,instruction_summary,frozen_deliverables,evidence_phrase,decision_ids,status
I001,1,U1,0-1,"message 1 (session start, 2026-10-04 ~18:08 UTC)",technical,reproducibility-related,N,"Check all four attachments (application, research plan, dataset workbook, legacy handoff ZIP) first",docs/22_RESTRICTED_SOURCE_HASH_INDEX.md,tommoデータセット.xlsx,,incorporated
I002,2,U1,2-6,"message 1 (session start, 2026-10-04 ~18:08 UTC)",scientific,,Y,Not a redesign session; the legacy ZIP is the formal pre-ToMMo scientific history,docs/01_APPROVED_PROTOCOL_SCOPE.md;docs/04_GATE_HISTORY_AND_LOCKS.md,formal pre-ToMMo scientific history,,incorporated
I003,3,U1,7-9,"message 1 (session start, 2026-10-04 ~18:08 UTC)",scientific,,Y,Approved research plan and application are the highest-priority constraint,docs/01_APPROVED_PROTOCOL_SCOPE.md,highest-priority scientific constraint,D01,incorporated
I004,4,U1,10-12,"message 1 (session start, 2026-10-04 ~18:08 UTC)",scientific,,Y,Actual distribution scope = dataset workbook + taste-related SNP information in the plan,docs/02_ACTUAL_DISTRIBUTION_SCOPE.md,Selected file families,,incorporated
I005,5,U1,13-17,"message 1 (session start, 2026-10-04 ~18:08 UTC)",scientific,,Y,Reconcile approved plan / distribution / legacy freeze in PROTOCOL_DISTRIBUTION_FREEZE_RECONCILIATION.md first,../PROTOCOL_DISTRIBUTION_FREEZE_RECONCILIATION.md,分類表（全118項目）,,incorporated
I006,6,U1,18-20,"message 1 (session start, 2026-10-04 ~18:08 UTC)",scientific,,Y,Classify every legacy analysis/prediction/control/gradient/calibration/SAP item into exactly one of seven labels,../reconciliation/RECONCILIATION_CLASSIFICATION.csv,REQUIRES PROTOCOL AMENDMENT,,incorporated
I007,7,U1,21-22,"message 1 (session start, 2026-10-04 ~18:08 UTC)",scientific,,Y,Legacy frozen items keep their pre-specification status unless they contradict plan or distribution,docs/04_GATE_HISTORY_AND_LOCKS.md,Locks carried forward,D04,incorporated
I008,8,U1,23-28,"message 1 (session start, 2026-10-04 ~18:08 UTC)",scientific,,Y,"Out-of-scope legacy items: do not run, delete or replace; record UNTESTABLE or REQUIRES PROTOCOL AMENDMENT",docs/AMENDMENT_LOG.md;docs/05_SNP_ANALYSIS_HIERARCHY.csv,"retained, not analysed, not deleted",D04;D05,incorporated
I009,9,U1,29-30,"message 1 (session start, 2026-10-04 ~18:08 UTC)",data-security-related,scientific,Y,"Legacy OPEN PRIMARY DATA WITH RESTRICTIONS is a historical gate decision, not authorization",docs/04_GATE_HISTORY_AND_LOCKS.md;docs/16_PRE_POST_RECEIPT_DECISION_BOUNDARY.md,does NOT authorize participant-level analysis,,incorporated
I010,10,U1,31-33,"message 1 (session start, 2026-10-04 ~18:08 UTC)",reproducibility-related,data-security-related,Y,Order: old freeze -> reconciliation -> final pre-receipt freeze -> independent timestamp -> receipt -> offline validation,docs/04_GATE_HISTORY_AND_LOCKS.md,old freeze → protocol/data reconciliation → final pre-receipt freeze → independent timestamp → ToMMo data receipt → offline validation,,incorporated
I011,11,U1,34-37,"message 1 (session start, 2026-10-04 ~18:08 UTC)",reproducibility-related,scientific,Y,"Freeze theory, hypotheses, SNP hierarchy, endpoint, controls, gradient, calibration, multiple testing, interpretation, boundaries, offline code; third-party-verifiable timestamp package",docs/29_FINAL_PRE_RECEIPT_HANDOFF.md;docs/FINAL_PRE_RECEIPT_PROTOCOL.md,third-party verification,D07,incorporated
I012,12,U1,38,"message 1 (session start, 2026-10-04 ~18:08 UTC)",data-security-related,,Y,Do not analyse participant-level ToMMo data yet,docs/16_PRE_POST_RECEIPT_DECISION_BOUNDARY.md;docs/COMPLETENESS_AUDIT.md,"Participant-level ToMMo data were not received, inspected or analysed",D23,incorporated
I013,13,U1,39-41,"message 1 (session start, 2026-10-04 ~18:08 UTC)",scientific,,Y,"Primary phenotype = longitudinal ph1->ph2 medication change (dose change, active-ingredient change, within-class switch, addition, removal), not current use",docs/06_MEDICATION_LONGITUDINAL_ENDPOINT_FREEZE.md,LONGITUDINAL MEDICATION CHANGE,D02;D03;D16,incorporated
I014,14,U1,42,"message 1 (session start, 2026-10-04 ~18:08 UTC)",scientific,,Y,FFQ ph1/ph2 = secondary triangulation of pre-specified chemosensory phenotypes,docs/09_CHEMOSENSORY_FFQ_LOCK.csv;docs/13_MULTIPLE_TESTING_FINAL.md,secondary-triangulation,D09,incorporated
I015,15,U1,43,"message 1 (session start, 2026-10-04 ~18:08 UTC)",technical,scientific,Y,Prefer Drug ID / KEDD ID; free text for brand/formulation/route completion and QC,docs/08_DRUG_CLASS_MAPPING_RULES.md;offline_pipeline/config/drug_dictionary.yaml,Identification hierarchy,D10,incorporated
I016,16,U1,44,"message 1 (session start, 2026-10-04 ~18:08 UTC)",scientific,data-security-related,Y,Claims data are not a primary-analysis premise until confirmed in the delivered files,docs/02_ACTUAL_DISTRIBUTION_SCOPE.md,NO CLAIMS DATA IN THE PRIMARY DISTRIBUTION,D15,incorporated
I017,17,U1,45-48,"message 1 (session start, 2026-10-04 ~18:08 UTC)",publication/interpretation-related,scientific,Y,Maintain the central research arc (genetic + acquired chemosensory plasticity -> modifiable component -> future precision-medicine direction),docs/25_MANUSCRIPT_ARCHITECTURE.md;docs/03_THEORY_TO_PROTOCOL_MAP.csv,Chemosensory phenotype has genetic and acquired components,,incorporated
I018,18,U1,49-51,"message 1 (session start, 2026-10-04 ~18:08 UTC)",publication/interpretation-related,,Y,"Strictly separate what ToMMo can show from future hypotheses (plasticity, food education/conditioning, response modification, economic, global-health benefit)",docs/27_FUTURE_INTERVENTION_MODEL.md;docs/28_HEALTH_ECONOMIC_GLOBAL_HEALTH_MODEL.md,not tested in ToMMo,,incorporated
I019,19,U1,52,"message 1 (session start, 2026-10-04 ~18:08 UTC)",publication/interpretation-related,,Y,Do not conclude untested intervention effects from ToMMo,docs/27_FUTURE_INTERVENTION_MODEL.md;docs/25_MANUSCRIPT_ARCHITECTURE.md,no intervention efficacy is concluded,,incorporated
I020,20,U1,53-55,"message 1 (session start, 2026-10-04 ~18:08 UTC)",publication/interpretation-related,scientific,Y,ToMMo analysis = population-level foundation test of whether the chemosensory system predicts drug-related individual differences,docs/21_PUBLIC_REGISTRATION_SUMMARY.md,tests only the population-level genetic part,,incorporated
I021,21,U1,56,"message 1 (session start, 2026-10-04 ~18:08 UTC)",reproducibility-related,scientific,Y,No new scientific analysis proposals until the reconciliation is complete,docs/04_GATE_HISTORY_AND_LOCKS.md,completed and committed before any new pre-receipt analytic decision,,incorporated
I022,22,U1,57,"message 1 (session start, 2026-10-04 ~18:08 UTC)",technical,,N,Then execute the attached main prompt,docs/29_FINAL_PRE_RECEIPT_HANDOFF.md,executing the main prompt after the reconciliation,,incorporated
I023,23,MP,SESSION STATUS,attached to message 1; executed after I005 completed (I022),reproducibility-related,,Y,Preserve chronology THEORY -> DRY EVIDENCE -> PREDICTION FREEZE -> GATES -> FINAL PRE-RECEIPT FREEZE -> INDEPENDENT TIMESTAMP -> RECEIPT -> OFFLINE VALIDATION -> MANUSCRIPT,docs/29_FINAL_PRE_RECEIPT_HANDOFF.md,THEORY → DRY EVIDENCE → PREDICTION FREEZE,,incorporated
I024,24,MP,SESSION STATUS,attached to message 1; executed after I005 completed (I022),reproducibility-related,data-security-related,Y,Complete and time-stamp the entire scientific and statistical plan before receipt or inspection of participant-level data,docs/29_FINAL_PRE_RECEIPT_HANDOFF.md,before receipt or inspection of any participant-level ToMMo data,,incorporated
I025,25,MP,PROJECT TITLE;ACTUAL TOMMO PROJECT,attached to message 1; executed after I005 completed (I022),publication/interpretation-related,scientific,Y,Approved title; broader receptor biology background is compatible but immune mediation is not tested,docs/01_APPROVED_PROTOCOL_SCOPE.md,immune mediation is NOT directly tested,,incorporated
I026,26,MP,ACTUAL EXPECTED DATA DISTRIBUTION,attached to message 1; executed after I005 completed (I022),scientific,,Y,"Expected distribution: release 3.1.1 families; no metabolomics, claims, long-term claims or WGS",docs/02_ACTUAL_DISTRIBUTION_SCOPE.md,No metabolomics,D01,incorporated
I027,27,MP,ACTUAL EXPECTED DATA DISTRIBUTION,attached to message 1; executed after I005 completed (I022),scientific,,Y,SNP data delivered as the taste-related SNP dataset unless the manifest says otherwise,docs/02_ACTUAL_DISTRIBUTION_SCOPE.md,SNP delivery,,incorporated
I028,28,MP,APPROVED GENE UNIVERSE,attached to message 1; executed after I005 completed (I022),scientific,,Y,Approved 20-gene universe,docs/05_SNP_ANALYSIS_HIERARCHY.csv;offline_pipeline/config/snp_map.yaml,OTOP1,,incorporated
I029,29,MP,APPROVED GENE UNIVERSE,attached to message 1; executed after I005 completed (I022),scientific,,Y,Take the SNP list only from the delivered manifest; never invent availability or assume a dry-frozen SNP is delivered,docs/02_ACTUAL_DISTRIBUTION_SCOPE.md,SNP availability is not invented,D18,incorporated
I030,30,MP,APPROVED GENE UNIVERSE,attached to message 1; executed after I005 completed (I022),scientific,,Y,At receipt assign each prediction: directly testable / pre-specified proxy / gene-level secondary only / untestable,docs/05_SNP_ANALYSIS_HIERARCHY.csv,TESTABLE WITH PRE-SPECIFIED PROXY,D12;D19,incorporated
I031,31,MP,APPROVED GENE UNIVERSE,attached to message 1; executed after I005 completed (I022),scientific,,Y,No substitution of more favorable SNPs after outcome inspection,docs/24_AMENDMENT_POLICY.md,no favorable SNP substitution,D18;D19,incorporated
I032,32,MP,NO GWAS ASSUMPTION,attached to message 1; executed after I005 completed (I022),scientific,,Y,No GWAS in the confirmatory plan; exploratory only if genome-wide data delivered and authorized,docs/14_CONFIRMATORY_SAP_PRE_RECEIPT.md,GWAS (confirmatory or otherwise,D15,incorporated
I033,33,MP,ACTUAL MEDICATION DATA STRUCTURE,attached to message 1; executed after I005 completed (I022),technical,scientific,Y,"Medication structure (45 slots, IDs, text, duration, frequency, dose); normalization hierarchy PRIMARY IDs / SECONDARY structured fields / TERTIARY free text",docs/02_ACTUAL_DISTRIBUTION_SCOPE.md;offline_pipeline/config/variable_map.yaml,Normalization hierarchy,D10;D17,incorporated
I034,34,MP,ACTUAL MEDICATION DATA STRUCTURE,attached to message 1; executed after I005 completed (I022),technical,,Y,Do not use NLP as the primary identification method when structured IDs exist,docs/08_DRUG_CLASS_MAPPING_RULES.md,NLP/free-text parsing is never the primary method,D10,incorporated
I035,35,MP,TWO-WAVE DESIGN IS CENTRAL,attached to message 1; executed after I005 completed (I022),scientific,,Y,Exploit the two-wave design; construct change phenotypes across waves,docs/06_MEDICATION_LONGITUDINAL_ENDPOINT_FREEZE.md,participants with the medication section answered at both waves,D16,incorporated
I036,36,MP,TWO-WAVE DESIGN IS CENTRAL,attached to message 1; executed after I005 completed (I022),publication/interpretation-related,,Y,Neutral terminology; no 'discontinuation due to intolerance' or 'switch due to taste',docs/06_MEDICATION_LONGITUDINAL_ENDPOINT_FREEZE.md,"Terminology (neutral, data-derived)",,incorporated
I037,37,MP,PRIMARY OUTCOME RECONSTRUCTION,attached to message 1; executed after I005 completed (I022),scientific,,Y,"Reconstruct the protocol surrogate outcomes (dose change, medication change, switch, addition, deletion)",docs/06_MEDICATION_LONGITUDINAL_ENDPOINT_FREEZE.md,"dose change, medication change, switch, addition, deletion",,incorporated
I038,38,MP,PRIMARY OUTCOME RECONSTRUCTION,attached to message 1; executed after I005 completed (I022),scientific,,Y,"Pre-specify algorithms (brand vs ingredient, combinations, duplicates, units, frequency, missing phase, unknown IDs)",docs/06_MEDICATION_LONGITUDINAL_ENDPOINT_FREEZE.md;docs/07_DOSE_HARMONIZATION_RULES.md,Endpoint algorithms,D11,incorporated
I039,39,MP,PRIMARY OUTCOME RECONSTRUCTION,attached to message 1; executed after I005 completed (I022),reproducibility-related,,Y,Synthetic tests for every algorithm case,docs/17_SYNTHETIC_PIPELINE_VALIDATION.md,Fixed edge cases,,incorporated
I040,40,MP,DOSE CHANGE,attached to message 1; executed after I005 completed (I022),scientific,,Y,"Derive dose per administration, administrations/day, daily dose; standardized daily dose change primary; no unsafe or cross-formulation harmonization",docs/07_DOSE_HARMONIZATION_RULES.md,Primary dose quantity,D11,incorporated
I041,41,MP,MEDICATION CHANGE,attached to message 1; executed after I005 completed (I022),scientific,technical,Y,Deterministic medication-change algorithm; IDs first; offline licensed class database with frozen version,docs/08_DRUG_CLASS_MAPPING_RULES.md;../data/raw_atc_20261004/LEDGER.csv,Classification database,D10,incorporated
I042,42,MP,FORMULATION INFORMATION,attached to message 1; executed after I005 completed (I022),scientific,,Y,Formulation module conditional confirmatory; genotype-blind validation after receipt; if unreliable MECHANISTIC GRADIENT NOT TESTABLE without invalidating primary,docs/11_FORMULATION_MODULE_FREEZE.md,MECHANISTIC GRADIENT NOT TESTABLE,D05;D06;D14,incorporated
I043,43,MP,FOOD / FFQ DATA ARE ACTUALLY AVAILABLE,attached to message 1; executed after I005 completed (I022),scientific,,Y,FFQ = secondary triangulation; no redesign after seeing data,docs/09_CHEMOSENSORY_FFQ_LOCK.csv,F01,D09,incorporated
I044,44,MP,CHEMOSENSORY CROSS-DOMAIN MODULE,attached to message 1; executed after I005 completed (I022),scientific,,Y,"Pre-specify restricted FFQ phenotypes with rationale, direction, gene, status and family (CHEMOSENSORY_FFQ_LOCK)",docs/09_CHEMOSENSORY_FFQ_LOCK.csv;offline_pipeline/config/ffq_lock.yaml,biological_rationale,D09,incorporated
I045,45,MP,LIFESTYLE COVARIATES,attached to message 1; executed after I005 completed (I022),scientific,,Y,"Lifestyle variables as confounders / pre-specified parallel exposures / sensitivity, not outcomes",docs/14_CONFIRMATORY_SAP_PRE_RECEIPT.md,Lifestyle variables are confounders,D08,incorporated
I046,46,MP,LABORATORY AND PHYSIOLOGICAL DATA,attached to message 1; executed after I005 completed (I022),scientific,,Y,"Laboratory/physiological data for confounding, disease definition, characterization; no broad lab phenome scan",docs/14_CONFIRMATORY_SAP_PRE_RECEIPT.md,no laboratory phenome scan,D08,incorporated
I047,47,MP,CLAIMS DATA,attached to message 1; executed after I005 completed (I022),scientific,data-security-related,Y,Assume no claims; later claims only via data-availability amendment; not needed for the primary manuscript,docs/24_AMENDMENT_POLICY.md;docs/02_ACTUAL_DISTRIBUTION_SCOPE.md,Data-availability,D15,incorporated
I048,48,MP,CENTRAL SCIENTIFIC STORY,attached to message 1; executed after I005 completed (I022),publication/interpretation-related,scientific,Y,"Central story S = f(G, E), M = g(S, D); motivates, does not prove, intervention",docs/03_THEORY_TO_PROTOCOL_MAP.csv,"S = f(G, E)",,incorporated
I049,49,MP,CHEMICAL-SURVEILLANCE INTERPRETATION,attached to message 1; executed after I005 completed (I022),publication/interpretation-related,,Y,Chemical-surveillance claim classes; no immune causation claim,docs/25_MANUSCRIPT_ARCHITECTURE.md,Indirect: chemical-surveillance biology,,incorporated
I050,50,MP,PRE-RECEIPT HYPOTHESIS HIERARCHY,attached to message 1; executed after I005 completed (I022),scientific,,Y,"Primary, secondary 1-4 and negative-control hypotheses (frozen, testable only)",docs/14_CONFIRMATORY_SAP_PRE_RECEIPT.md,SECONDARY 4,D13;D20,incorporated
I051,51,MP,PRIMARY MEDICATION-CHANGE ENDPOINTS,attached to message 1; executed after I005 completed (I022),scientific,,Y,Seven longitudinal endpoints with exact algorithms and synthetic examples; never defined after seeing frequencies,docs/06_MEDICATION_LONGITUDINAL_ENDPOINT_FREEZE.md,WITHIN_CLASS_SWITCH,D02,incorporated
I052,52,MP,IMPORTANT CHANGE FROM EARLIER PLAN,attached to message 1; executed after I005 completed (I022),scientific,,Y,Primary is no longer current use; current exposure = secondary cross-sectional,docs/06_MEDICATION_LONGITUDINAL_ENDPOINT_FREEZE.md;docs/AMENDMENT_LOG.md,Current/recent medication exposure is a secondary cross-sectional analysis only,D02;D03,incorporated
I053,53,MP,PRIMARY STATISTICAL MODELS,attached to message 1; executed after I005 completed (I022),scientific,,Y,Logistic models with G + covariates; drug-specific with indication restriction; dose models; no p-value-driven model selection,docs/14_CONFIRMATORY_SAP_PRE_RECEIPT.md,no p-value-driven model selection,D03;D08,incorporated
I054,54,MP,GENE-LEVEL AND VARIANT-LEVEL ANALYSIS,attached to message 1; executed after I005 completed (I022),scientific,,Y,Level A (frozen variants) vs Level B (gene-constrained); no promotion of novel SNPs,docs/13_MULTIPLE_TESTING_FINAL.md;docs/05_SNP_ANALYSIS_HIERARCHY.csv,a novel Level-B SNP cannot be promoted to confirmatory,,incorporated
I055,55,MP,MULTIPLE TESTING,attached to message 1; executed after I005 completed (I022),scientific,,Y,Freeze testing families and corrections,docs/13_MULTIPLE_TESTING_FINAL.md,"Holm, α = 0.05",D07,incorporated
I056,56,MP,MACHINE LEARNING,attached to message 1; executed after I005 completed (I022),scientific,,Y,ML secondary only; nested CV; clinical vs clinical+genotype; delta-AUC and calibration with CI; no causal SHAP,docs/15_ML_SECONDARY_PLAN.md,Nested cross-validation,D15,incorporated
I057,57,MP,EXPLORATORY GWAS,attached to message 1; executed after I005 completed (I022),scientific,,Y,Exploratory GWAS only if delivered/authorized and after confirmatory analyses are locked,docs/14_CONFIRMATORY_SAP_PRE_RECEIPT.md,exploratory amendment is filed after confirmatory results are locked,D15,incorporated
I058,58,MP,PRE-RECEIPT CODE PACKAGE,attached to message 1; executed after I005 completed (I022),technical,reproducibility-related,Y,Offline code package with modules 01-22,offline_pipeline/run_pipeline.py,22_privacy_safe_export,D21,incorporated
I059,59,MP,PRE-RECEIPT CODE PACKAGE,attached to message 1; executed after I005 completed (I022),technical,reproducibility-related,Y,Five centralized configs; delivered column names never hard-coded,offline_pipeline/config/variable_map.yaml;offline_pipeline/tests/test_pipeline.py,Every analysis script reads column names ONLY through this file,,incorporated
I060,60,MP,SYNTHETIC DATA,attached to message 1; executed after I005 completed (I022),reproducibility-related,,Y,Synthetic PH1/PH2 data with all listed fields and edge cases; run the entire pipeline before receipt,docs/17_SYNTHETIC_PIPELINE_VALIDATION.md;synthetic_validation/RUN_LEDGER.json,Synthetic data mimic the delivered structure,,incorporated
I061,61,MP,PRE-RECEIPT TIMESTAMP PACKAGE,attached to message 1; executed after I005 completed (I022),reproducibility-related,,Y,"Timestamp ZIP with theory, mapping, gates, SNP hierarchy, endpoints, FFQ, controls, SAP, hierarchy, calibration, formulation, interpretation, code, tests, environment, manifest, checksums",docs/29_FINAL_PRE_RECEIPT_HANDOFF.md;docs/18_PRE_RECEIPT_MANIFEST.csv,CHEMOSENSORY_TOMMO_PRE_RECEIPT_FREEZE_,,incorporated
I062,62,MP,PRE-RECEIPT TIMESTAMP PACKAGE,attached to message 1; executed after I005 completed (I022),data-security-related,reproducibility-related,Y,Package completed before data receipt or inspection,docs/29_FINAL_PRE_RECEIPT_HANDOFF.md,No participant-level ToMMo data were received,D01,incorporated
I063,63,MP,REGISTRATION / TIMESTAMP;PUBLIC / REGISTERABLE CONTENT,attached to message 1; executed after I005 completed (I022),data-security-related,publication/interpretation-related,Y,Separate public vs restricted content; restricted sources only as hash index,docs/20_REGISTRATION_CONTENT_PLAN.md;docs/22_RESTRICTED_SOURCE_HASH_INDEX.md,Restricted layer (never redistributed),D24,incorporated
I064,64,MP,PUBLIC / REGISTERABLE CONTENT,attached to message 1; executed after I005 completed (I022),publication/interpretation-related,,Y,"Registration content (hypotheses ... success/refutation criteria, amendment policy, timestamp evidence)",docs/20_REGISTRATION_CONTENT_PLAN.md;docs/21_PUBLIC_REGISTRATION_SUMMARY.md,Registration fields,,incorporated
I065,65,MP,DATA RECEIPT EVENT,attached to message 1; executed after I005 completed (I022),data-security-related,reproducibility-related,Y,"At receipt: timestamp, hashes, offline storage, only QC checks before documented sign-off",docs/23_DATA_RECEIPT_EVENT_LOG_TEMPLATE.md,No association model may run,D23,incorporated
I066,66,MP,FINAL MANUSCRIPT STORY,attached to message 1; executed after I005 completed (I022),publication/interpretation-related,,Y,Nine-step manuscript story,docs/25_MANUSCRIPT_ARCHITECTURE.md,Predictions were frozen before population data,D22,incorporated
I067,67,MP,IMPORTANT CAUSAL BOUNDARY,attached to message 1; executed after I005 completed (I022),publication/interpretation-related,,Y,"Causal boundary: no immune, plasticity, intervention, economic claims",docs/25_MANUSCRIPT_ARCHITECTURE.md,Not tested: immune causation,D22,incorporated
I068,68,MP,NATURE-LEVEL SUCCESS CONDITION,attached to message 1; executed after I005 completed (I022),publication/interpretation-related,,Y,High-impact success conditions,docs/26_NATURE_SUCCESS_CRITERIA.md,Negative controls behave,,incorporated
I069,69,MP,FINAL PRE-RECEIPT OUTPUTS,attached to message 1; executed after I005 completed (I022),technical,,N,Produce documents 01-29 plus the complete offline source code,docs/18_PRE_RECEIPT_MANIFEST.csv,29_FINAL_PRE_RECEIPT_HANDOFF.md,,incorporated
I070,70,MP,FINAL GATE,attached to message 1; executed after I005 completed (I022),reproducibility-related,scientific,Y,Assign READY / READY WITH TECHNICAL ITEMS ONLY / NOT READY; READY only if all scientific choices frozen,docs/29_FINAL_PRE_RECEIPT_HANDOFF.md,Final gate,,incorporated
I071,71,MP,STOP;POST-RECEIPT OFFLINE VALIDATION,attached to message 1; executed after I005 completed (I022),technical,data-security-related,Y,Stop after the package; no waiting for data; next session executes the frozen analysis,docs/29_FINAL_PRE_RECEIPT_HANDOFF.md,must execute the frozen analysis rather than redesign it,D23,incorporated
I072,72,U2,0,message 2,reproducibility-related,,Y,Independently rerun reproducible dry-analysis components from source data/search outputs,../DRY_REPRODUCTION_AUDIT.md;../dry_reproduction/run_dry_reproduction_audit.py,## K. 再実行方法,,incorporated
I073,73,U2,0,message 2,reproducibility-related,scientific,Y,"Verify locked predictions, evidence scores, negative controls and gate conclusions regenerate without participant data",../DRY_REPRODUCTION_AUDIT.md,## E. 参加者レベルデータの除外,,incorporated
I074,74,U2,0,message 2,reproducibility-related,,Y,Record discrepancies in DRY_REPRODUCTION_AUDIT.md,../DRY_REPRODUCTION_AUDIT.md,## G. 不一致一覧,,incorporated
I075,75,U3,0,message 3,reproducibility-related,,Y,"Consolidate all pre-receipt instructions into final protocol, decision log, amendment log and timestamp package",docs/FINAL_PRE_RECEIPT_PROTOCOL.md;docs/DECISION_LOG.md;docs/AMENDMENT_LOG.md,All pre-receipt instructions of the session are consolidated here,,incorporated
I076,76,U3,1,message 3,reproducibility-related,,Y,Preserve chronology of introduction; classify each instruction into five categories,docs/INSTRUCTION_REGISTER.csv,publication/interpretation-related,,incorporated
I077,77,U3,2,message 3,reproducibility-related,,Y,No scientifically consequential instruction may remain only in chat history,docs/COMPLETENESS_AUDIT.md,scientifically consequential,,incorporated
I078,78,U3,3,message 3,reproducibility-related,,Y,Completeness check against the full session history before finalizing,docs/COMPLETENESS_AUDIT.md,Result:,,incorporated
R01,79,R,standing rule,standing rules active throughout the session,reproducibility-related,,Y,Persist public/raw data with machine-readable ledger; never overwrite; mark incomplete retrievals,../data/raw_atc_20261004/LEDGER.csv;../data/raw_ensembl_20261004_attempt1_incomplete/INCOMPLETE.txt,sha256,,incorporated
R02,80,R,standing rule,standing rules active throughout the session,data-security-related,,Y,Never publish third-party record-level raw data or restricted documents,docs/20_REGISTRATION_CONTENT_PLAN.md,third-party record-level raw downloads,D24,incorporated
R03,81,R,standing rule,standing rules active throughout the session,reproducibility-related,,Y,Stable explicit seeds; deterministic reruns in fresh processes,offline_pipeline/config/analysis_config.yaml;synthetic_validation/RUN_LEDGER.json,seed: 42,D21,incorporated
R04,82,R,standing rule,standing rules active throughout the session,publication/interpretation-related,,N,Manuscript numbers injected from generated outputs; no repository paths or editing history in manuscript text,docs/25_MANUSCRIPT_ARCHITECTURE.md,numbers injected from generated result files,,incorporated
E01,,A1,0,assistant message after message 2,scientific,,Y,Assistant asked which protocol version (attached = 2026-03-13 text vs 2026-06-13 revision) is approved; no answer at freeze time,docs/DECISION_LOG.md;docs/01_APPROVED_PROTOCOL_SCOPE.md,2026-06-13 revision,D01,clarification pending; resolved by conditional rule D01
