pmid,citation,title,journal,year,doi,claim
14997422,Wooding et al.,"Natural selection and molecular evolution in PTC, a bitter-taste receptor gene.",American journal of human genetics,2004.0,10.1016/S0169-5347(00)01994-7,balancing selection at PTC locus maintained taster/nontaster polymorphism
16612383,Wooding et al.,Independent evolution of bitter-taste sensitivity in humans and chimpanzees.,Nature,2006.0,10.1038/nature04655,independent evolution of bitter sensitivity humans vs chimps
15367488,Wang et al.,Relaxation of selective constraint and loss of function in the evolution of human bitter taste receptor genes.,Human molecular genetics,2004.0,10.1093/hmg/ddh289,relaxed constraint + segregating LoF across TAS2R repertoire
16086309,Kim et al.,Worldwide haplotype diversity and coding sequence variation at human bitter taste receptor loci.,Human mutation,2005.0,10.1002/humu.20203,unusually high coding diversity of TAS2R genes worldwide
19675003,Lalueza-Fox et al.,Bitter taste perception in Neanderthals through the analysis of the TAS2R38 gene.,Biology letters,2009.0,10.1038/nature04655,TAS2R38 present/functionally variable in Neanderthals
22130969,Campbell et al.,Evolution of functionally diverse alleles associated with PTC bitter taste sensitivity in Africa.,Molecular biology and evolution,2012.0,10.1093/molbev/msr293,African PTC diversity: functionally diverse alleles under selection
24177185,Campbell et al.,Origin and differential selection of allelic variation at TAS2R16 associated with salicin bitter taste sensitivity in Africa.,Molecular biology and evolution,2014.0,10.1093/molbev/mst211,TAS2R16 salicin allele selection history
41618601,Feng et al.,On the Origin and Evolution of Sweet Taste Mediated by Tas1r2-Tas1r3 in Vertebrates.,Integrative zoology,2026.0,10.1111/1749-4877.70073,gustation as ancient vertebrate chemical-detection system (sweet T1R origin)
33355666,Behrens et al.,At the Root of T2R Gene Evolution: Recognition Profiles of Coelacanth and Zebrafish Bitter Receptors.,Genome biology and evolution,2021.0,10.1093/gbe/evaa264,T2R gene evolution deep roots (coelacanth/zebrafish receptors)
10761935,Chandrashekar et al.,T2Rs function as bitter taste receptors.,Cell,2000.0,10.1016/s0092-8674(00)80706-0,T2Rs function as bitter taste receptors (discovery)
10761934,Adler et al.,A novel family of mammalian taste receptors.,Cell,2000.0,10.1016/s0092-8674(00)80705-9,novel family of mammalian taste receptors (T2R cloning)
