pmid,citation,title,journal,year,doi,drug,population,n,sensory,behavior,effect,pval,design,confounders,note
22440514,Lipchock et al.,Relationship between bitter-taste receptor genotype and solid medication formulation usage among young children: a retrospective analysis.,Clinical therapeutics,2012.0,10.1016/j.clinthera.2012.02.006,liquid medications (any),children 3-10y,448,TAS2R38 bitter-sensitive genotype,solid formulation usage history,bitter-sensitive children more likely to have used solid formulations,<0.05,retrospective pooled,"age, indication",genotype->S2 proxy; pediatric only
26391354,Mennella et al.,Children's perceptions about medicines: individual differences and taste.,BMC pediatrics,2015.0,10.1542/peds.2005-0327,liquid medications,children 3-10y + mothers,172,TAS2R38 A49P,reported rejection of liquid medication,P-allele carriers more likely to report rejecting liquids (chi2=5.72),0.02,retrospective interview,"recall, indication",
22088684,Baguley et al.,Prescribing for children - taste and palatability affect adherence to antibiotics: a review.,Archives of disease in childhood,2012.0,10.1136/archdischild-2011-300909,pediatric antibiotics (review),children,,taste/palatability of formulations,adherence,taste/palatability affect adherence to antibiotics,,narrative review,"indication, severity",established pediatric link
42162282,Lowenthal et al.,Personal variation in the palatability and side effects of liquid clindamycin among children.,Pediatric research,2026.0,10.1128/AAC.42.3.521,clindamycin liquid,children 1st prescription,67,dislike of taste (54%),adherence + side effects (36%),substantial individual variability; taste linked to behavioral responses,<0.001 distaste expressions,prospective cohort,,S1->S2 proximate but genotype null
40837710,Ranmal et al.,"Poor-tasting pediatric medicines: Part 1. A scoping review of their impact on patient acceptability, medication adherence, and treatment outcomes.",Frontiers in drug delivery,2025.0,10.1111/pan.12824,poor-tasting pediatric medicines (scoping),children,,taste acceptability,acceptability/adherence impact,documented impact across medicines,,scoping review,,
25381313,Mennella et al.,"""A spoonful of sugar helps the medicine go down"": bitter masking by sucrose among children and adults.",Chemical senses,2015.0,10.1093/chemse/bju053,"sucrose masking of bitter agents (urea, caffeine, denatonium, PROP, quinine)",children+adults,,sucrose suppresses bitterness,improved acceptance,sucrose reduces bitterness moderate->weak (adults); TAS1R3-sensitive report more reduction,<0.05,controlled psychophysics,,formulation lever; genotype interaction suggested
42391492,Rawat et al.,"Beyond Pharmacology: Do Tablet Shape, Size, and Color Influence Medication Adherence in Psychiatric Outpatients?",The primary care companion for CNS disorders,2026.0,10.4088/PCC.25m04101,psychiatric medications,adults,,tablet shape/size/color,adherence,physical form influences adherence,,review/survey,,adult evidence is form not flavor
7878095,Mattes RD,Influences on acceptance of bitter foods and beverages.,Physiology & behavior,1994.0,10.1016/0031-9384(94)90370-0,alcohol/caffeine,20 adults,20,ethanol detection threshold,alcohol intake,intake correlates with threshold + pharmacological reactivity (23% var),,cross-sectional,personality,adult S1->consumption (non-medication)
21338274,Gorovic et al.,Genetic variation in the hTAS2R38 taste receptor and brassica vegetable intake.,Scandinavian journal of clinical and laboratory investigation,2011.0,10.3109/00365513.2011.559553,brassica vegetables,Danish DCH cohort n=500,500,TAS2R38 haplotype,brassica intake,NULL association,ns,cohort,diet context,NEGATIVE: genotype does not predict real-world intake
17659901,Drewnowski et al.,"Genetic sensitivity to 6-n-propylthiouracil has no influence on dietary patterns, body mass indexes, or plasma lipid profiles of women.",Journal of the American Dietetic Association,2007.0,10.1016/j.jada.2007.05.013,diet patterns,adults,,PROP sensitivity,"dietary pattern, BMI",NULL,ns,cross-sectional,,NEGATIVE
27711175,Risso et al.,Genetic Variation in the TAS2R38 Bitter Taste Receptor and Smoking Behaviors.,PloS one,2016.0,10.1002/mnfr.201500804,smoking,multi-cohort,8626,PTC/TAS2R38,smoking status,"small-cohort assoc, larger cohorts ns",0.03/ns,multi-cohort,,weak translation
