gene,build,chrom,start,end,flank_bp,region_start,region_end,ensembl_id
GNAT3,GRCh37,7,80087987,80141336,10000,80077987,80151336,ENSG00000214415
GNAT3,GRCh38,7,80458635,80512064,10000,80448635,80522064,ENSG00000214415
GNG13,GRCh37,16,848041,850733,10000,838041,860733,ENSG00000127588
GNG13,GRCh38,16,798020,800770,10000,788020,810770,ENSG00000127588
ITPR3,GRCh37,6,33588142,33664351,10000,33578142,33674351,ENSG00000096433
ITPR3,GRCh38,6,33620331,33696575,10000,33610331,33706575,ENSG00000096433
OTOP1,GRCh37,4,4190530,4228616,10000,4180530,4238616,ENSG00000163982
OTOP1,GRCh38,4,4188726,4226929,10000,4178726,4236929,ENSG00000163982
PLCB2,GRCh37,15,40570377,40600136,10000,40560377,40610136,ENSG00000137841
PLCB2,GRCh38,15,40278176,40307965,10000,40268176,40317965,ENSG00000137841
SCNN1A,GRCh37,12,6456009,6486896,10000,6446009,6496896,ENSG00000111319
SCNN1A,GRCh38,12,6345124,6383917,10000,6335124,6393917,ENSG00000111319
SCNN1B,GRCh37,16,23289552,23392620,10000,23279552,23402620,ENSG00000168447
SCNN1B,GRCh38,16,23278231,23381299,10000,23268231,23391299,ENSG00000168447
SCNN1D,GRCh37,1,1215816,1227409,10000,1205816,1237409,ENSG00000162572
SCNN1D,GRCh38,1,1280436,1292029,10000,1270436,1302029,ENSG00000162572
SCNN1G,GRCh37,16,23194036,23228204,10000,23184036,23238204,ENSG00000166828
SCNN1G,GRCh38,16,23182677,23216883,10000,23172677,23226883,ENSG00000166828
TAS1R1,GRCh37,1,6615241,6639817,10000,6605241,6649817,ENSG00000173662
TAS1R1,GRCh38,1,6555303,6579755,10000,6545303,6589755,ENSG00000173662
TAS1R2,GRCh37,1,19166093,19186176,10000,19156093,19196176,ENSG00000179002
TAS1R2,GRCh38,1,18839599,18859660,10000,18829599,18869660,ENSG00000179002
TAS1R3,GRCh37,1,1266694,1270686,10000,1256694,1280686,ENSG00000169962
TAS1R3,GRCh38,1,1331275,1335314,10000,1321275,1345314,ENSG00000169962
TAS2R10,GRCh37,12,10977916,10978957,10000,10967916,10988957,ENSG00000121318
TAS2R10,GRCh38,12,10825219,10826358,10000,10815219,10836358,ENSG00000121318
TAS2R14,GRCh37,12,11090005,11324172,10000,11080005,11334172,ENSG00000212127
TAS2R14,GRCh38,12,10937408,11171573,10000,10927408,11181573,ENSG00000212127
TAS2R16,GRCh37,7,122634759,122635754,10000,122624759,122645754,ENSG00000128519
TAS2R16,GRCh38,7,122994704,122995700,10000,122984704,123005700,ENSG00000128519
TAS2R38,GRCh37,7,141672431,141673573,10000,141662431,141683573,ENSG00000257138
TAS2R38,GRCh38,7,141972631,141973773,10000,141962631,141983773,ENSG00000257138
TAS2R46,GRCh37,12,11213964,11214893,10000,11203964,11224893,ENSG00000226761
TAS2R46,GRCh38,12,11061365,11062294,10000,11051365,11072294,ENSG00000226761
TAS2R8,GRCh37,12,10958650,10959892,10000,10948650,10969892,ENSG00000121314
TAS2R8,GRCh38,12,10806051,10807286,10000,10796051,10817286,ENSG00000121314
TAS2R9,GRCh37,12,10961693,10962767,10000,10951693,10972767,ENSG00000121381
TAS2R9,GRCh38,12,10809094,10810168,10000,10799094,10820168,ENSG00000121381
TRPM5,GRCh37,11,2425745,2444275,10000,2415745,2454275,ENSG00000070985
TRPM5,GRCh38,11,2404515,2444519,10000,2394515,2454519,ENSG00000070985
